Date,News Article
2023-09-01,Why Amazon Stock Can Beat the Market and Notch Its Best Monthly Streak in 20 Years
2023-09-01,Amazon (NASDAQ: AMZN) Shareholder Sues Jeff Bezos and Board
2023-09-01,"Amazon's CAPEX to Exceed $50 Billion in 2023, Partly to Support AI"
2023-09-02,3 Things About Amazon That Smart Investors Know
2023-09-02,Jim Cramer Recommended These 10 Stocks
2023-09-02,Four Cathie Wood Stocks Near Buy Points
2023-09-03,Where Will Amazon Stock Be in 5 Years?
2023-09-03,Prediction: These 3 Stocks Could Be Among Wall Street's Largest by 2030
2023-09-03,3 Mega-Cap Stocks to Buy in September
2023-09-04,Great News for Amazon Stock Investors
2023-09-04,Top Internet Stock Showdown: Amazon.com (AMZN) vs. Alphabet (GOOGL)
2023-09-04,3 Top Tech Stocks to Buy in September
2023-09-05,Amazon Just Struck a Deal to Supercharge Its Next $10 Billion Business
2023-09-05,"The secrets behind the Amazon.com, Inc. (NASDAQ:AMZN) stock price"
2023-09-05,"Amazon CEO adds 3 executives to senior leadership team, including Zoox chief"
2023-09-06,Is Amazon Stock a Buy?
2023-09-06,Jim Cramer and Billionaire Ken Fisher Love These 10 Stocks
2023-09-06,Better Buy: Opendoor Technologies vs. Amazon
2023-09-07,Amazon: Bull Case Is Much Bigger Than You Might Imagine
2023-09-07,Shopify and Amazon Pact Seems to be Working
2023-09-07,Sell Amazon Before FTC Sues To Break Up The Company Soon (NASDAQ:AMZN)
2023-09-08,Better Buy: Amazon vs. Apple
2023-09-08,"Amazon Web Services CEO Adam Selipsky Sells 1,000 Shares of Amazon.com Inc"
2023-09-08,More Amazon veterans follow Dave Clark out the door at Flexport
2023-09-09,"AMZN, COST, or TSLA: Which Mega-Cap Stock is the Best Pick?"
2023-09-09,4 Top-Tier Growth Stocks You'll Regret Not Buying in the Wake of the Nasdaq Bear Market Dip
2023-09-09,Cathie Wood's Ark Invest Sees Amazon-Shopify Tie-Up As Mutually Beneficial
2023-09-10,2 Stock-Split Artificial Intelligence (AI) Stocks to Buy Hand Over Fist in September
2023-09-10,2 Artificial Intelligence (AI) Stocks to Buy in September 2023 That Could Soar Like Nvidia
2023-09-10,Should Investors Buy Shopify Stock Now That It's Reached a Landmark Deal With Amazon?
2023-09-11,Amazon Leads 5 Stocks Near Buy Points With A Handle On This Market
2023-09-11,Amazon.com (NASDAQ:AMZN) Might Be Having Difficulty Using Its Capital Effectively
2023-09-11,"Amazon Stock: Buy, Sell, or Hold?"
2023-09-12,Where Will Amazon Stock Be in 3 Years?
2023-09-12,Amazon Stock (NASDAQ:AMZN): Chasing It May Not be Wise
2023-09-12,Amazon Stock Ready To Break Out As It Bolsters AI
2023-09-13,"3 Best Stocks to Buy Now, 9/13/2023, According to Top Analysts"
2023-09-13,FanDuel Selects AWS as Its Strategic Cloud Provider
2023-09-13,Here's Why This 1 Change at Amazon Could Supercharge Earnings
2023-09-14,Should You Sell Amazon Stock Now?
2023-09-14,"Jim Cramer says Amazon is back, sees a path to even greater upside on the stock"
2023-09-14,Amazon Stock: Still Undervalued With 23% Upside Potential (NASDAQ:AMZN)
2023-09-15,"At US$145, Is Amazon.com, Inc. (NASDAQ:AMZN) Worth Looking At Closely?"
2023-09-15,Amazon (NASDAQ:AMZN) Slides despite Analyst Optimism
2023-09-15,3 Reasons to Buy Amazon Stock Like There's No Tomorrow
2023-09-16,The 3 Most Undervalued Forever Stocks to Buy in September 2023
2023-09-16,Better Buy: Amazon vs. Costco
2023-09-16,Amazon Wants to Launch Satellites. Shareholders Launch a Lawsuit.
2023-09-17,Prediction: Here's How Much Amazon Will Be Worth in 2030
2023-09-17,Better Buy: Amazon vs. Alibaba Stock
2023-09-17,My Take: 4 Strong Growth Stocks to Buy This Week
2023-09-18,Huge News for Amazon Stock Investors
2023-09-18,Hawaiian Airlines sees advantage in Amazon pivot to Airbus freighter
2023-09-18,Departing Microsoft hardware boss Panos Panay said to be heading to Amazon
2023-09-19,Amazon (NASDAQ:AMZN) Mulls Introducing Two New Subscription Programs
2023-09-19,Why Amazon Was Falling Today
2023-09-19,Josh Brown Buys More Amazon As He Sees Stock Headed Toward $200
2023-09-20,Amazon stock: Why the company is 'walking a tightrope'
2023-09-20,Amazon Holiday Hiring Spree Seen Signaling Strong Revenue Trends
2023-09-20,"AMZN, V, MA: 3 Payment Plays Set to Outperform"
2023-09-21,Why Amazon Stock Was Falling Today
2023-09-21,Amazon (NASDAQ:AMZN) Sinks despite Analyst Praise
2023-09-21,"Is Amazon.com, Inc.'s (NASDAQ:AMZN) Recent Price Movement Underpinned By Its Weak Fundamentals?"
2023-09-22,Amazon (NASDAQ:AMZN) to Introduce Ads on Prime Video
2023-09-22,Amazon: Beyond E-Commerce
2023-09-22,Can the Shopify and Amazon Partnership Help Propel Growth for the E-commerce Platform?
2023-09-23,Is Amazon a Buy Now?
2023-09-23,Hidden Gems: 3 AI Stocks Flying Under the Radar
2023-09-23,2 Warren Buffett Stocks to Hold Forever
2023-09-24,Amazon Tests Prime Member Loyalty With Streaming Ad Push
2023-09-24,"Amazon's Advertising Business Is Booming, Soon Rival Google And Meta (NASDAQ:AMZN)"
2023-09-24,"Nvidia, Amazon, and Alphabet Announced 3 Key Artificial Intelligence (AI) Developments Last Week You May Have Missed"
2023-09-25,Amazon's Streaming Step Is A Big Warning For Competition (NASDAQ:AMZN)
2023-09-25,"Midday movers: Amazon, Warner Bros. Discovery, Nio and more"
2023-09-25,Amazon's AWS and Anthropic Join Forces: A Billion-Dollar Partnership Challenging Nvidia and Microsoft in the AI Arena
2023-09-26,Why Amazon Stock Is Pulling Back Today
2023-09-26,Amazon Stock Falls After Massive FTC Lawsuit Alleging Illegal Monopoly
2023-09-26,Amazon Just Gave Investors Yet Another Reason to Buy Its Stock Hand Over Fist
2023-09-27,"FTC sues Amazon: Buy the dip in the stock, analyst says"
2023-09-27,Don’t Miss the Boom: 7 Large-Cap Stocks Set to Explode Higher
2023-09-27,Amazon Struggles To Clarify Return-to-Office Expectations
2023-09-28,Is It Too Late to Buy Amazon Stock?
2023-09-28,Meta Platforms Inc. (META) vs. Amazon.com (AMZN): Which Is the Superior Internet Stock?
2023-09-28,Is Amazon Stock a Buy Now?
2023-09-29,Amazon Stock Fell by 8% Last Week: Is It a Buy?
2023-09-29,Better Buy: Amazon Stock vs. Disney Stock
2023-09-29,Amazon Is Investing $4 Billion in a ChatGPT Competitor. Here's Why.
2023-09-30,"An Intrinsic Calculation For Amazon.com, Inc. (NASDAQ:AMZN) Suggests It's 21% Undervalued"
2023-09-30,The FTC Sued Amazon. Should You Sell Amazon Stock Now?
2023-09-30,AMAZON stock price closed at $127.05 today
2023-10-01,Could Amazon's Antitrust Lawsuit Spell Doom for the Stock?
2023-10-01,This Segment You Didn't Know About Is Amazon's Secret Weapon
2023-10-01,Top NASDAQ ETFs for Q4 2023
2023-10-02,Amazon Stock: The Path to $180
2023-10-02,Why Amazon Could Have An Advertising Edge Among Streamers
2023-10-02,3 Stocks to Buy Before the Holiday Shopping Boom
2023-10-03,Amazon Stock Is Under Pressure. Why Two Analysts Think You Should Be a Buyer.
2023-10-03,Why Amazon Stock Bumped Higher on Monday
2023-10-03,"AAPL, AMZN, or GOOGL: Which Tech Stock Could Offer the Highest Returns?"
2023-10-04,"Analysts, Investors Little Concerned about Amazon’s (NASDAQ:AMZN) Lawsuits"
2023-10-04,3 Things About Amazon That Smart Investors Know
2023-10-04,Amazon (AMZN) Outperforms Broader Market: What You Need to Know
2023-10-05,"Amazon Stock (NASDAQ:AMZN): What’s Ahead as It Eyes Profitability, Prioritizes AI"
2023-10-05,Amazon Stock: How AMZN Became An Advertising Juggernaut
2023-10-05,US and UK Regulators Are Going After Amazon And Microsoft
2023-10-06,Amazon’s (NASDAQ:AMZN) Project Kuiper Fires Up with Prototype Launch
2023-10-06,"6 Reasons to Keep Buying Amazon Stock, According to J.P. Morgan"
2023-10-06,3 Top Cloud Stocks to Buy in October
2023-10-07,3 Stocks to Hold for the Next 20 Years
2023-10-07,"AVGO, NVDA, or INTC: Which Chip Stock is the Best Pick?"
2023-10-07,Meta Platforms (NASDAQ:META): A Must-Watch Stock for AI Investors - TipRanks.com
2023-10-08,"Amazon.com, Inc. (NASDAQ:AMZN) is largely controlled by institutional shareholders who own 60% of the company"
2023-10-08,"These Stocks Turned $10,000 Into $13 Million (or More) and Are Not Done Rising Yet"
2023-10-08,12 Best Booming Stocks to Buy Now According to Hedge Funds
2023-10-09,Analyzing Amazon.com (AMZN): This Weeks Insights for Investors
2023-10-09,Why Amazon Stock Was a Winner on Monday
2023-10-09,"Amazon Is Winning Its Bet On NFL Rights: A Look At The Numbers, Taylor Swift Upside"
2023-10-10,"Amazon Joins Elon Musk's SpaceX, Mukesh Ambani's Jio In Vying For A Piece Of India's Burgeoning Satellite Internet Market"
2023-10-10,"Amazon Stock: Buy, Sell, or Hold?"
2023-10-10,Only 29% of S&P 500 Stocks Are Beating the Index. Here's What It Means for Your Portfolio
2023-10-11,Wall Street Loves Amazon Stock Right Now. Here's Why I'm Not Buying.
2023-10-11,Amazon Stock: AMZN Is Still The Favorite For Gen Z Shoppers As Temu Challenges
2023-10-11,Is It Too Late to Buy Amazon Stock?
2023-10-12,The Returns On Capital At Amazon.com (NASDAQ:AMZN) Don't Inspire Confidence
2023-10-12,3 Key Factors That Could Drive Amazon Stock Higher in the Coming Months
2023-10-12,Amazon Strategy Could Unlock $100 Billion in Revenue
2023-10-13,Wedbush Looks for a Surge in Tech Stocks Like Amazon (NASDAQ:AMZN)
2023-10-13,Where Will Amazon Be in 3 Years?
2023-10-13,Rivian CEO RJ Scaringe Reveals Big Question Jeff Bezos Had Before Amazon Picked Up Stake In EV Startup: 'Do We Understand The Chessboard?
2023-10-14,Amazon Stock: Bear vs. Bull
2023-10-14,4 Growth Stocks in a Class of Their Own You'll Regret Not Buying in the Wake of the Nasdaq Bear Market Dip
2023-10-14,Top Wall Street analysts believe in the long-term potential of these stocks
2023-10-15,Here's the Best Stock-Split Stock to Buy Right Now
2023-10-15,Does Amazon's Artificial Intelligence (AI) Investment Make It a Buy?
2023-10-15,"Weekly Preview: Earnings to Watch This Week 10-15-23 (NFLX, TSLA)"
2023-10-16,Should You Hold Amazon.com (AMZN)?
2023-10-16,Amazon Stock Forecast: What to Watch in the Coming Months
2023-10-16,2 Stock-Split Stocks to Buy Hand Over Fist Right Now
2023-10-17,Why Amazon.com Stock Slipped This Morning
2023-10-17,"META, AMZN, or AAPL: Which Mega-Cap Tech Stock Do Analysts Find the Most Attractive?"
2023-10-17,Amazon Stock: Analyst Trims Targets Based On AWS Cloud Headwinds
2023-10-18,Amazon Stock (NASDAQ:AMZN): The Growth Story is Shaping Up Well
2023-10-18,"RIVN Stock: Amazon Has 10,000 Rivian Vans in Its Fleet"
2023-10-18,Amazon (NASDAQ:AMZN) Using AI and Robotics to Transform Its Warehouses
2023-10-19,Amazon Stock Rises On Bullish Views Ahead Of Q3 Earnings
2023-10-19,Why Amazon.com Stock Jumped Today
2023-10-19,"If I Could Buy Only 1 Stock, This Would Be It"
2023-10-20,"Amazon Stock Could Climb More Than 35%, Wedbush Says"
2023-10-20,"Buy AMZN Stock Now, You’ll Never Regret It"
2023-10-20,3 Monster Stocks to Buy Without Any Hesitation
2023-10-21,"3 Stocks That Turned $1,000 Into $1.1 Million (or More)"
2023-10-21,0
2023-10-21,0
2023-10-22,"Is Amazon.com, Inc.'s (NASDAQ:AMZN) Stock Price Struggling As A Result Of Its Mixed Financials?"
2023-10-22,"Meta, Amazon Earnings Put Stock Market to the Test"
2023-10-22,Amazon: 3 Reasons For Optimism Ahead Of Thursday's Q3 Earning Release
2023-10-23,"Amazon (NASDAQ:AMZN), Google May Have Found a New Revenue Stream"
2023-10-23,Amazon (NASDAQ:AMZN) Q3 Earnings Preview: What to Expect
2023-10-23,PINS Stock: Analyst Upgrades Pinterest To Buy On Amazon Partnership
2023-10-24,Is Amazon Stock a Buy?
2023-10-24,Amazon Vs. Walmart: Legacy Retailer A Clear Winner Over Past Year But Is A Flip Coming?
2023-10-24,Amazon (NASDAQ:AMZN) Gains Fractionally amid Analyst Approval
2023-10-25,"Amazon Stock Is Up 50% YTD, Can It Top The Estimates In Q3?"
2023-10-25,AMZN Stock: Is Microsoft Or Google A Better Preview For AWS Earnings?
2023-10-25,Why Amazon Stock Was Down After Alphabet's News Today
2023-10-26,Amazon’s News Pharmacy Perks Are a Game-Changer for AMZN Stock
2023-10-26,Amazon.com Announces Third Quarter Results
2023-10-26,Amazon Stock: All Eyes on Earnings Today — Morgan Stanley Weighs In
2023-10-27,"Amazon Stock: AMZN Rises As Earnings Beat, AWS Builds AI Momentum"
2023-10-27,Who Really Owns Amazon (NASDAQ:AMZN)?
2023-10-27,"Amazon.com, Inc. (NASDAQ:AMZN) Q3 2023 Earnings Call Transcript"
2023-10-28,"Amazon (AMZN) Stock Price Prediction in 2030: Bull, Base & Bear Forecasts"
2023-10-28,Tech Earnings Were Strong. Why Stocks Slipped Into a Correction Anyway.
2023-10-28,0
2023-10-29,CEO Andy Jassy Just Gave 5 Key Reasons Why Amazon Stock Could Continue to Soar
2023-10-29,The Nasdaq has fallen into a correction — what investors should consider
2023-10-29,A Bull Market Is Coming: 1 Magnificent Artificial Intelligence (AI) Stock to Buy Hand Over Fist and Hold Forever
2023-10-30,Stocks This Week: Buy NVIDIA And Amazon
2023-10-30,"Amazon (NASDAQ:AMZN) Advances on Robots, AI"
2023-10-30,Amazon Stock Has Underperformed. That’s About To Change.
2023-10-31,"Is There An Opportunity With Amazon.com, Inc.'s (NASDAQ:AMZN) 22% Undervaluation?"
2023-10-31,Is Amazon Stock a Buy Now?
2023-10-31,3 Reasons Why Amazon Beat the Big Tech Blues
2023-11-01,"After Earnings, Is Amazon Stock a Buy, a Sell, or Fairly Valued?"
2023-11-01,"Amazon Stock Outperformed The Q3 Estimates, What’s Next?"
2023-11-01,Amazon Q3: A Shocker For The Bears
2023-11-02,Satya Nadella Just Nabbed a Deal with Amazon. Buy MSFT Stock Now.
2023-11-02,"Amazon Business Adds Affirm as First Buy Now, Pay Later Provider at Checkout"
2023-11-02,Affirm stock jumps after Amazon alliance expands (NASDAQ:AFRM)
2023-11-03,Is It Too Late to Buy Amazon Stock?
2023-11-03,Amazon: Mixed Bag Ahead - Investors Beware (NASDAQ:AMZN)
2023-11-03,"3 Stocks to Buy for Under $1,000 That Could Skyrocket by 2024"
2023-11-04,"Is Microsoft, Amazon, or Alphabet the Best Stock in This $1.5 Trillion Industry?"
2023-11-04,Thinking of Buying Amazon Stock? This E-Commerce Juggernaut Is a Better Choice
2023-11-04,Amazon.com's (NASDAQ:AMZN) five-year earnings growth trails the 10% YoY shareholder returns
2023-11-05,Is it Still Safe to Invest in Amazon (AMZN)?
2023-11-05,3 Reasons Amazon Is A Strong Buy After Q3 Earnings (Rating Upgrade) (NASDAQ:AMZN)
2023-11-05,"If You Aren't Sure Amazon Still Has Growth Ahead, Read What CEO Andy Jassy Just Said"
2023-11-06,"Amazon's Stock Is Up 60% in 2023, but It's Just Getting Started"
2023-11-06,Amazon Stock Keeps Rising. AWS and Holiday Sales Remain Concerns.
2023-11-06,"Best Stocks to Buy Now, 11/6/2023, According to Top Analysts"
2023-11-07,"Insiders Selling Amazon, Costco And 2 Other Stocks"
2023-11-07,The Next Big Stream: 3 Media Stocks Ready to Challenge Netflix’s Throne
2023-11-07,SAP HANA Cloud Now Supports AWS Graviton
2023-11-08,Amazon (NASDAQ:AMZN) to Rival ChatGPT and Bard
2023-11-08,"From Amazon To Uber, Santa Claus Rally Loads Up These Breakouts"
2023-11-08,Amazon Stock Upgrade: AWS Is A Force To Be Reckoned With (NASDAQ:AMZN)
2023-11-09,"Institutional investors control 60% of Amazon.com, Inc. (NASDAQ:AMZN) and were rewarded last week after stock increased 3.7%"
2023-11-09,Reimagining Retail: Amazon’s Gen-AI Bet and What It Means for AMZN Stock
2023-11-09,3 Reasons Amazon Is Still a Top Artificial Intelligence (AI) Stock to Buy Right Now
2023-11-10,Top Funds Can't Get Enough Of Amazon — And This Intelligence Play
2023-11-10,"META, AMZN May Have Launched This Year’s Biggest Ad Product"
2023-11-10,Amazon Fresh stores reopen in Los Angeles as grocery revamp gets underway
2023-11-11,2 Sizzling Hot Stocks to Buy Right Now
2023-11-11,7 Must-Buy Stocks to Start Your 2024 Out Strong
2023-11-11,Missed Out on Amazon Stock? Buy This Potential Stock-Split Stock Right Now.
2023-11-12,Can AMZN Stock Still Double Your Money? Here’s the Answer
2023-11-12,1 Artificial Intelligence (AI) Stock You'd Be Smart to Snag This Month
2023-11-12,Informatica soars on its AI-powered data management cloud growth
2023-11-13,Amazon Stock (NASDAQ:AMZN): Every Analyst Covering It Says “Buy.” Should You?
2023-11-13,Meta Stock Is On A Winning Streak. Analysts Like New Amazon Tie-Up.
2023-11-13,Amazon Is Well Positioned For The Future
2023-11-14,Amazon (NASDAQ:AMZN) Gains on New Buy With Prime Options
2023-11-14,Amazon in Charts: 3 Things Savvy Investors Should Know After Q3
2023-11-14,Amazon Layoffs 2023: What to Know About the Latest AMZN Job Cuts
2023-11-15,Forget Nvidia. Top Funds Invest 10 Times As Much In Amazon Stock.
2023-11-15,AMZN Stock Buy Alert: This Latest Amazon Rally Is Far From Over
2023-11-15,Better Buy: Amazon vs. Apple
2023-11-16,Amazon (NASDAQ:AMZN): E-commerce Giant to Sell Cars; Starts with Hyundai
2023-11-16,12 Best Debt Free Stocks To Buy
2023-11-16,Amazon's Cost-Cutting Moves Have Paid Off in a Big Way
2023-11-17,Amazon.com (NASDAQ:AMZN) Is Reinvesting At Lower Rates Of Return
2023-11-17,Amazon (NASDAQ:AMZN) Notches Up after Slashing Alexa Jobs
2023-11-17,The #CloudExit Movement And What It Means For Amazon Stock (NASDAQ:AMZN)
2023-11-18,"Amazon Stock: Buy, Sell, or Hold?"
2023-11-18,5 Stocks Near Buy Points With This Bullish Trait
2023-11-18,Why Amazon Could Be the Best Artificial Intelligence (AI) Stock to Buy Right Now
2023-11-19,Amazon vs. Alphabet: Which Tech Stock Is a Better Buy?
2023-11-19,1 Growth Stock Down 23% to Buy Right Now
2023-11-19,"A Bull Market Is Coming: 2 ""Magnificent Seven"" Stocks to Buy Hand Over Fist Before They Rally 58% and 122%, According to Select Wall Street Analysts"
2023-11-20,"Amazon (NASDAQ:AMZN) Labor Troubles Continue, Investors Nonplussed"
2023-11-20,Amazon.com Inc: An Exploration into Its Intrinsic Value
2023-11-20,7 Retail Stocks That Could Get a Black Friday Boost
2023-11-21,Why Amazon Stock Is Pulling Back This Morning
2023-11-21,Amazon Stock: Delivering Strength As We Enter 2024 (NASDAQ:AMZN)
2023-11-21,"Jeff Bezos ‘aggressive’ again Tuesday selling more Amazon stock after unloading shares last week, sources say"
2023-11-22,3 Internet Stocks to Watch Amid the Holiday Season
2023-11-22,Amazon Stock Popped This Morning and Is Still Up. Is It a Buy?
2023-11-22,Why Amazon Stock Bounced Back This Morning
2023-11-23,Can Amazon Stock (NASDAQ:AMZN) Reach Record Highs in 2024?
2023-11-23,Amazon (NASDAQ:AMZN) Could Win Unconditional EU Approval for the iRobot Deal
2023-11-23,2 Stocks Riding Unstoppable Trends That Could Make You Richer in 2024 and Beyond
2023-11-24,AMZN Stock Forecast: Predicting Amazon’s Performance in 2023 and Beyond
2023-11-24,Amazon (NASDAQ:AMZN) Rocked by Black Friday Protests Across Europe
2023-11-24,3 Reasons Why Pricey Amazon Stock Is Still a Must-Buy for Every Investor
2023-11-25,"Insider Sell Alert: Amazon.com Inc's David Zapolsky Cashes Out 25,160 Shares"
2023-11-25,Massive News for Amazon Stock Investors!
2023-11-25,Amazon Stock: Balance Of Labor Costs And Margin Expansion (NASDAQ:AMZN)
2023-11-26,Amazon (NASDAQ:AMZN) Could Dominate Record Holiday Sales
2023-11-26,3 Best Nasdaq Stocks to Buy in November
2023-11-26,Jeff Bezos Just Sold $240 Million Worth of Amazon Stock and He's Planning to Sell More. Here's What Investors Need to Know
2023-11-27,"Is Now An Opportune Moment To Examine Amazon.com, Inc. (NASDAQ:AMZN)?"
2023-11-27,Amazon Stock (NASDAQ:AMZN): The Ultimate Holiday Season Winner
2023-11-27,"Bezos, Other Insiders Are Reducing Amazon Stakes. Who the Biggest Stock Owners Are."
2023-11-28,Amazon's Stock Has Already Made Multiple Millionaires. Could It Do It Again?
2023-11-28,3 Top-Rated E-Commerce Stocks That Analysts Are Loving Now
2023-11-28,Amazon Vs. Alibaba: Which E-commerce Giant Is An Investor Favorite?
2023-11-29,Love Amazon Stock? This Is the Most Important Thing to Watch This Holiday Season
2023-11-29,Tech Titans Continue to Trim Costs Even as Stocks Rebound
2023-11-29,Can Microsoft Challenge Amazon’s Cloud Market Dominance?
2023-11-30,AMZN Stock Forecast 2024: Why the Hate for Amazon.com?
2023-11-30,2 No-Brainer Artificial Intelligence (AI) Stocks to Buy With $400 and Hold for 10 Years
2023-11-30,"Amazon enters motorsport streaming with NASCAR deal | NASDAQ:AMZN, ETR:AMZ"
2023-12-01,"Calculating The Fair Value Of Amazon.com, Inc. (NASDAQ:AMZN)"
2023-12-01,Amazon’s (NASDAQ:AMZN) Project Kuiper Takes a New Twist
2023-12-01,"Even at This Price, Amazon Stock Could Drive Major Growth for Long-Term Investors"
2023-12-02,"Amazon Stock: Buy, Sell, or Hold?"
2023-12-02,1 Unstoppable Artificial Intelligence (AI) Growth Stock Billionaires Are Buying Hand Over Fist
2023-12-02,0
2023-12-03,0
2023-12-03,0
2023-12-03,0
2023-12-04,Should You Rush to Buy Amazon Stock Before the End of the Year?
2023-12-04,How Much Amazon Stock Does Jeff Bezos Own and Who Are the Other Largest Shareholders?
2023-12-04,Magnificent Seven Stocks Are Taking A Break. Why That's Bullish.
2023-12-05,Amazon.com’s (AMZN) Quarterly Results Far Exceed Expectations
2023-12-05,Why Amazon Stock Rallied Tuesday Morning
2023-12-05,Big Names to Watch: 3 Blue-Chip Stocks for Portfolio Success
2023-12-06,Watch AMZN Stock: Amazon's Strategy to Outsmart Shein
2023-12-06,Battle in the Clouds: How Amazon and Google's Allegations Might Reshape Microsoft's Strategy
2023-12-06,AI Wars: Amazon And Google Are Coming After Microsoft's Early Market Dominance
2023-12-07,Is Still Safe to Invest in Amazon (AMZN)?
2023-12-07,Amazon Stock: Cap Off the Holiday Season With a Blockbuster Success
2023-12-07,Best Stock to Buy: Apple vs. Amazon
2023-12-08,PayPal Stock (NASDAQ:PYPL): Challenges Arise Amidst Venmo’s Setback with Amazon
2023-12-08,Investing in AMZN Stock: Prime Grocery Subscription Launch
2023-12-08,"Amazon drops Venmo as payment option, sending parent company PayPal’s shares lower"
2023-12-09,Here’s Why You Should Consider Acquiring Amazon (AMZN) Shares
2023-12-09,Here's How Much Amazon's Ads Business Is Willing To Pay For Top Talent
2023-12-09,5 No-Brainer Stocks to Buy Before 2024
2023-12-10,Amazon Is Closing Out a Stellar Year. Is It Too Late to Invest in AMZN Stock for 2024?
2023-12-10,Where Will Amazon Stock Be in 3 Years?
2023-12-10,Jack Ma’s Biggest E-Commerce Rival Is Coming for Amazon
2023-12-11,"Why Big Tech Stocks Alphabet, Amazon, and Meta Dropped on Monday"
2023-12-11,Amazon (NASDAQ:AMZN) Seeks Dismissal of FTC’s Lawsuit
2023-12-11,"Amazon Stock Tests Buy Zone, Forms 'Bedrock' Of Brave New AI, EV World"
2023-12-12,2 Underrated Warren Buffett Stocks That Are Smart Buys Right Now
2023-12-12,"Zulily sues Amazon, alleging price-fixing scheme"
2023-12-12,0
2023-12-13,"JPMorgan names Amazon, Google as 'top picks' for 2024 stocks"
2023-12-13,Amazon: Looking Strong Into 2024 (NASDAQ:AMZN)
2023-12-13,JPMorgan calls Amazon and Alphabet its 'top picks' for 2024 in bet that mega-cap tech rally will continue
2023-12-14,Why Is Freight Technologies (FRGT) Stock Up 120% Today?
2023-12-14,Rivian Is Spreading Its Wings Beyond Amazon
2023-12-14,Amazon unveils 60-MW solar PPA with S Korea's SK E&S
2023-12-15,Can Amazon Stock Beat the Market Next Year?
2023-12-15,Amazon Stock Soared 75% in 2023. Should Investors Avoid It in 2024?
2023-12-15,Chewy's Analyst Day Insights: Needham Highlights Potential Growth Amid Amazon Competition
2023-12-16,Why Amazon’s stock could be 2024’s biggest winner among major internet names
2023-12-16,Is Amazon Stock a Buy Now?
2023-12-16,AMZN Stock Forecast: How AWS-BYD Partnership Could Fuel Amazon’s Growth
2023-12-17,Prepare for Another ‘Magnificent’ Year With Amazon Stock
2023-12-17,History Says the Nasdaq Will Surge in 2024: 1 Stock-Split Stock to Buy Before It Does
2023-12-17,3 No-Brainer Warren Buffett Stocks to Buy Right Now
2023-12-18,"Why Alphabet, Amazon, and Other ""Magnificent Seven"" Stocks Rallied Today"
2023-12-18,"Nvidia Stock, Amazon Add 'Nitro' To Supersize AI, Power Breakouts"
2023-12-18,The Art of Valuation: Discovering Amazon.com Inc's Intrinsic Value
2023-12-19,2 Reasons to Buy Amazon Stock Like There's No Tomorrow
2023-12-19,5 Reasons To Avoid Amazon Stock (AMZN) At All Costs
2023-12-19,Amazon (NASDAQ:AMZN) Turns to Sports to Battle DIS and NFLX
2023-12-20,Amazon (AMZN) Stock Moves -1.09%: What You Should Know
2023-12-20,Buying This Magnificent Stock at $35 Could be Like Buying Amazon in 2013
2023-12-20,"Amazon, Meta, Uber top picks at Citi for 2024"
2023-12-21,Amazon (NASDAQ:AMZN) Gains as Analysts Like Its 2024 Prospects
2023-12-21,Amazon Stock Scores Bullish Target Price On Ad Business Potential
2023-12-21,2 Reasons Amazon Is a Dynamite Stock for 2024
2023-12-22,Why Amazon Will Come Out Ahead In The Generative AI Race
2023-12-22,Amazon Ramps Up AI Game at AWS re:Invent to Tackle Microsoft and Google's Rise
2023-12-22,Amazon Stock: Bull vs. Bear
2023-12-23,4 Things You Must Know if You Buy Amazon Stock
2023-12-23,This Phenomenal Segment Could Be Worth $550 Billion to Amazon
2023-12-23,Amazon Stock: Are Strong Holiday Season Numbers Coming? Top Analyst Weighs In
2023-12-24,Amazon Just Passed Walt Disney On an Important Front. Here's What It Means For Both Stocks.
2023-12-24,Why These 7 Long-Term Stocks Should Be on Your Radar in 2024
2023-12-24,Shopify Stock Up 119% in 2023: Why 2024 and Beyond Could Be Even Better
2023-12-25,3 Large Cap Stocks 5-Star Analyst Picks for 2024
2023-12-25,3 Stock-Split Stocks Billionaires Are Piling Into Ahead of 2024
2023-12-25,A Bull Market Is Almost Here: 1 Stock-Split AI Growth Stock to Buy Now With $175 and Hold Forever
2023-12-26,Amazon: Time To Load Up
2023-12-26,"Jeff Bezos Was Time Magazine's Person Of The Year In 1999: If You Invested $1000 In Amazon Then, Here's How Much You'd Have"
2023-12-26,3 Stocks to Buy for 2024 That Are Practically Money Machines
2023-12-27,Amazon: Path To $220 In 2024 (NASDAQ:AMZN)
2023-12-27,This Behemoth Stock Could Skyrocket 100% in 3 Years -- Here's How
2023-12-27,Amazon (NASDAQ:AMZN) Receives FDA Warning Letter Over Health Supplements
2023-12-28,Where Will Amazon Stock Be in 2024?
2023-12-28,"If You Can Only Own 1 Stock, Make It Amazon"
2023-12-28,"4 Top Internet Stocks for 2024, According to 5-Star Analyst"
2023-12-29,Should You Buy Amazon Stock in 2024?
2023-12-29,3 Reasons Why Amazon (AMZN) Is a Great Growth Stock
2023-12-29,Amazon's same-day delivery warehouses hit major milestone
2023-12-30,Can Amazon Stay Ahead of PDD's Temu and Shein in 2024?
2023-12-30,4 Unsurpassed Growth Stocks You'll Regret Not Buying in the Wake of the Nasdaq Bear Market Dip
2023-12-30,Ignore Shopify: Here Are 2 Growth Stocks to Buy for 2024
2023-12-31,"Got $1,500? You Can Confidently Add These 3 Stocks to Your Portfolio"
2023-12-31,"Warren Buffett Invested $25 Billion of His Portfolio in 2 Stocks That Could Rise 37% and 14% in 2024, According to a Pair of Wall Street Analysts"
2023-12-31,2 Stocks to Buy Hand Over Fist Before the Nasdaq Soars Higher in 2024
2024-01-01,"An Intrinsic Calculation For Amazon.com, Inc. (NASDAQ:AMZN) Suggests It's 23% Undervalued"
2024-01-01,Amazon Is at a Peak But AMZN Stock Is Still Worth 22% More at $185
2024-01-01,"Better Bet Than AMZN Stock: Pay Less Than Amazon To Get More From S&P 500 Stocks ANET, FTNT, SCHW, EOG, TFC"
2024-01-02,2024 Could Be the Biggest Year in History for Amazon Stock. Here's Why.
2024-01-02,SA: Amazon could be liable for the safety of third-party products
2024-01-02,"Amazon: Ranking ""The Magnificent 7"" For 2024 (NASDAQ:AMZN)"
2024-01-03,Amazon (NASDAQ:AMZN) Slips despite New Approval from Analyst
2024-01-03,"Amazon Stock: Set It and Forget It, or You Might Regret It"
2024-01-03,Amazon: Plenty Of Room For Growth (NASDAQ:AMZN)
2024-01-04,Why Amazon.com Stock Just Dropped
2024-01-04,Amazon Stock Fell Today -- Is It a Buy for 2024?
2024-01-04,"Online Holiday Spending Jumps 5%; Amazon Stock, E-Commerce Firms Fall"
2024-01-05,"Institutional investors may overlook Amazon.com, Inc.'s (NASDAQ:AMZN) recent US$76b market cap drop as long-term gains remain positive"
2024-01-05,Can Amazon Stock Soar Up to 58% Higher in 2024?
2024-01-05,Amazon’s (NASDAQ:AMZN) Swift Delivery Boosts Holiday Sales Volumes
2024-01-06,Will Amazon Stock Keep Soaring in 2024?
2024-01-06,History Says the Nasdaq Will Surge in 2024: 2 Top AI Stocks to Buy Before It Does
2024-01-06,Best Stock to Buy: Amazon vs. Alibaba
2024-01-07,Strong Margin Expansion Supported Amazon.com (AMZN)
2024-01-07,Where Will Amazon Stock Be in 10 Years?
2024-01-07,3 Stocks That Could Create Lasting Generational Wealth
2024-01-08,Amazon Has Wall Street Seeing Return to Record Stock Price
2024-01-08,Why Amazon Stock Topped the Market Today
2024-01-08,Amazon Stock Prediction: Why Do Analysts Want You to Buy AMZN in 2024?
2024-01-09,"Amazon.com, Inc.'s (NASDAQ:AMZN) Stock Has Seen Strong Momentum: Does That Call For Deeper Study Of Its Financial Prospects?"
2024-01-09,1 Growth Stock Down 22% to Buy Right Now
2024-01-09,"Forget Apple: 3 ""Magnificent Seven"" Stocks to Buy Instead"
2024-01-10,"Amazon: Why So 'Expensive?' Well, The Market Doesn't Care What You Think"
2024-01-10,Amazon Stock Is Trading Higher - What's Going On?
2024-01-10,Twitch Layoffs 2024: What to Know About the Latest AMZN Job Cuts
2024-01-11,Amazon (NASDAQ:AMZN) Gains on “Just Walk Out” Technology
2024-01-11,Why Amazon Stock Jumped 80% in 2023
2024-01-11,AMZN Stock Forecast: Why Amazon’s 2024 Rally Is Just Beginning
2024-01-12,3 Robinhood Stocks to Buy and Hold Forever
2024-01-12,Happy 60th Birthday Jeff Bezos! The Billionaire Survived The Dot-Com Bubble Burst — What If You Rode That Rollercoaster With A $1000 Amazon Bet?
2024-01-12,The 3 Best Tech Stocks to Buy in January 2024
2024-01-13,"When Should You Buy Amazon.com, Inc. (NASDAQ:AMZN)?"
2024-01-13,3 Reasons to Buy Amazon Stock Like There's No Tomorrow
2024-01-13,Why Amazon Job Cuts Are a Good Sign for AMZN Stock Investors
2024-01-14,"Amazon Stock: Data Points to a Solid Q4 Showing, Says 5-Star Analyst"
2024-01-14,"This 1 Move Could Add Nearly $5 Billion to Amazon's Bottom Line in 2024, According to a Wall Street Analyst"
2024-01-14,5 big analyst AI moves: Alphabet and Amazon attract new Street fans
2024-01-15,Should You Hold Amazon.com (AMZN) for the Long Term?
2024-01-15,"This Stock Has Outperfomed Amazon in 7 of the Past 8 Years, and the Trend Could Continue in 2024"
2024-01-15,Don’t Sweat It! Layoffs Aren’t a Reason to Abandon Amazon Stock.
2024-01-16,This Amazon Applicant's Interview Answer Earned Her A Seat 3 Feet Away From Jeff Bezos
2024-01-16,Amazon (AMZN) Suffers a Larger Drop Than the General Market: Key Insights
2024-01-16,3 Stocks That Will Threaten Elon Musk’s Companies in 2024
2024-01-17,Is Amazon Stock a Buy?
2024-01-17,Amazon.com (NASDAQ:AMZN) Will Be Hoping To Turn Its Returns On Capital Around
2024-01-17,All Details About Amazon's Valuation After The Huge Run (NASDAQ:AMZN)
2024-01-18,Amazon (NASDAQ:AMZN) Gains on New Diamond Sports Deal
2024-01-18,Amazon.com to Webcast Fourth Quarter 2023 Financial Results Conference Call
2024-01-18,The 7 Best Nasdaq Stocks to Buy in January 2024
2024-01-19,AMZN Stock Prediction: Why Amazon Will Succeed in 2024 (and Beyond)
2024-01-19,92 Billion Reasons Amazon Can Become the Largest Publicly Traded Company by 2027
2024-01-19,Amazon’s (NASDAQ:AMZN) AWS Plans $15 Billion Investment in Japan
2024-01-20,"After Gaining 80% in 2023, Is Amazon Still a Buy?"
2024-01-20,Examination Of iRobot Amid The Struggling Amazon Deal (NASDAQ:IRBT)
2024-01-20,Could Twilio Become the Next Amazon?
2024-01-21,Amazon 2024 Preview: 3 Reasons For A Fantastic Future (NASDAQ:AMZN)
2024-01-21,3 Amazon Stock Predictions for 2024
2024-01-21,"Stock Market's 'Once-In-A-Generation' Opportunity Is Near, Says Bernstein Analyst: 'You Are Going To See A Bear Market'"
2024-01-22,Here’s Why Amazon.com (AMZN) Shares Appreciated 88% in 2023
2024-01-22,"Amazon.com, Inc. (NASDAQ:AMZN) is a favorite amongst institutional investors who own 61%"
2024-01-22,Why Generative AI Makes AMZN Stock a Screaming Buy in 2024
2024-01-23,Why Amazon Could Beat Q4 Again (Rating Upgrade) (NASDAQ:AMZN)
2024-01-23,"AAPL, AMZN, MSFT: How to Play the Tech Giants Ahead of Earnings"
2024-01-23,"Amazon, Zoom Video And 2 Other Stocks Insiders Are Selling"
2024-01-24,"A Bull Market Is Coming: 1 Monster Growth Stock That Could Be the ""Next Amazon"" to Buy Now"
2024-01-24,3 Reasons to Buy Amazon Stock Like There's No Tomorrow
2024-01-24,Analyst unveils new Amazon stock price target ahead of earnings
2024-01-25,Amazon Reports Earnings Next Week With Analysts Expecting Big Gains
2024-01-25,Will Nvidia Be Worth More Than Amazon by 2025?
2024-01-25,Amazon.com (AMZN) vs. Etsy (ETSY) - Which Internet Stock Is Winning Investors Over?
2024-01-26,"Going Into Earnings, Is Amazon Stock a Buy, a Sell, or Fairly Valued?"
2024-01-26,Amazon.com (NASDAQ:AMZN) Seems To Use Debt Quite Sensibly
2024-01-26,Amazon: The Best Of The Big Tech Stocks
2024-01-27,Where Will Amazon's Stock Price Be in 2 Years?
2024-01-27,"Amazon To Introduce Ads To Prime Video, Potentially Generating Billions In Revenue - Netflix (NASDAQ:NFLX"
2024-01-27,Could PDD (Pinduoduo) Become the Next Amazon?
2024-01-28,"Weekly Preview: Earnings To Watch This Week 1-28-24 (AMZN, AAPL, GOOG, META, MSFT)"
2024-01-28,Amazon’s Comeback: 3 Reasons It’s Not Too Late to Grab AMZN Stock
2024-01-28,"Earnings week ahead: Microsoft, Apple, Meta, Google, Amazon, Chevron and more"
2024-01-29,Analyst revamps Amazon stock target after billion-dollar deal unravels
2024-01-29,AMZN Stock Alert: What to Know as Amazon Ditches iRobot Deal
2024-01-29,Amazon Q4 Earnings Preview: Will AMZN Stock Scale New Highs?
2024-01-30,Amazon (AMZN) Earnings Watch: Investor Strategies
2024-01-30,"Analysts Favor AMZN over AAPL, Ahead of Upcoming Earnings"
2024-01-30,iRobot Is in Real Trouble After Amazon Deal Falls Through
2024-01-31,"A Look At The Fair Value Of Amazon.com, Inc. (NASDAQ:AMZN)"
2024-01-31,Amazon Earnings Preview: Putting Covid Capex Explosion In Rearview Mirror
2024-01-31,Amazon’s big earnings beat and upbeat cloud talk send its stock soaring
2024-02-01,Amazon (AMZN) Q4 2023 Earnings: What to Expect
2024-02-01,Amazon (NASDAQ:AMZN) Jumps after Strong Q4 Results
2024-02-01,Amazon gains after holiday quarter sales shine and profits soar
2024-02-02,Bezos Discloses Plan to Sell Up to 50 Million Amazon Shares as Stock Surges
2024-02-02,"Apple, Amazon, and Facebook-Parent Meta Report Earnings"
2024-02-02,Amazon stock climbs on revenue gains and ads growth
2024-02-03,3 Stocks Poised to Deliver Sweet Returns Before Valentine’s Day
2024-02-03,Amazon's AWS Vs. Microsoft's Azure Vs. Google Cloud: Which Company Won The Cloud Race In Q4?
2024-02-03,2 Magnificent Stocks That I'm Never Selling
2024-02-04,Analysts revamp Amazon stock-price targets after earnings
2024-02-04,3 Bull Market Buys That Could Help You Become a Millionaire
2024-02-04,"Morgan Stanley Recommends Loading Up on AAPL, AMZN, and META After Earnings"
2024-02-05,Where Will Amazon Stock Be in 3 Years?
2024-02-05,"Amazon.com (NASDAQ:AMZN) jumps 6.5% this week, though earnings growth is still tracking behind five-year shareholder returns"
2024-02-05,"Amazon: Jeff Is Selling, Maybe You Should Consider It Too (NASDAQ:AMZN)"
2024-02-06,Amazon Stock Is Soaring Again. 1 Reason to Buy Now (Hint: It's Not AI)
2024-02-06,Buy Amazon Stock for These 3 Reasons
2024-02-06,Will Retail Or Cloud Lift Amazon Stock Higher After An 81% Gain?
2024-02-07,Amazon Stock Can Reclaim All-Time Highs In 2024 (NASDAQ:AMZN)
2024-02-07,Amazon Just Added $125 Billion to Its Market Cap: Here's Why I'm Still Loading Up on Shares
2024-02-07,"After Earnings, Is Amazon Stock a Buy, a Sell, or Fairly Valued?"
2024-02-08,"Amazon Stock: Buy, Sell, or Hold?"
2024-02-08,"After Earnings, is Amazon Stock a Buy, Sell or Hold?"
2024-02-08,No Worries! Why Bezos’s Planned Amazon Stock Sale Is Not a Deal-Breaker.
2024-02-09,Amazon’s stock just racked up its highest close in more than two years
2024-02-09,Is Amazon Web Services (AWS) a Liability for Amazon?
2024-02-09,Amazon's Bezos sold more than $2B in stock this week
2024-02-10,What's Going on With Amazon Stock?
2024-02-10,Jeff Bezos Sells $2 Billion Of Amazon Stock
2024-02-10,"Do Its Financials Have Any Role To Play In Driving Amazon.com, Inc.'s (NASDAQ:AMZN) Stock Up Recently?"
2024-02-11,Is Amazon Stock a No-Brainer Buy?
2024-02-11,Is It Too Late to Buy Amazon Stock in 2024?
2024-02-11,37 Billion New Reasons to Like Amazon Stock
2024-02-12,Nvidia closes within a hair of Amazon’s market cap
2024-02-12,Amazon Stock Is Back On Track and Has Room to Run
2024-02-12,Amazon Q4: 2023 Profit Surge Is Just The Beginning (NASDAQ:AMZN)
2024-02-13,Should Nvidia Be Afraid of Amazon's Artificial Intelligence Chip Ambitions?
2024-02-13,Amazon Stock Surges in 2024
2024-02-13,The Next Amazon? 3 E-Commerce Stocks That Investors Shouldn’t Ignore.
2024-02-14,Here's What Could Make Amazon Even More Profitable
2024-02-14,"Amazon, Microsoft, and 4 Other Stocks Wall Street Loves"
2024-02-14,"Why Is Bezos Selling Amazon Stock, and Can AMZN Shares Still Rise?"
2024-02-15,"Is Now The Time To Look At Buying Amazon.com, Inc. (NASDAQ:AMZN)?"
2024-02-15,AMZN Stock Still Spells Opportunity Despite Bezos $4 Billion Sell-Off
2024-02-15,"Jeff Bezos sells more Amazon stock, bringing total to $6 billion this month"
2024-02-16,Amazon: A Top Growth Stock Despite Growing Competition
2024-02-16,Amazon May Want to Watch Out for This Faster-Growing AWS Competitor
2024-02-16,Why Jeff Bezos Sold $6 Billion of Amazon Stock This Week—It's All Part of a Plan
2024-02-17,3 Reasons to Buy Amazon Stock Like There's No Tomorrow
2024-02-17,Jeff Bezos' Amazon Joins SpaceX And Trader Joe's In Slamming NLRB Amid Labor Union Dispute
2024-02-17,3 Magnificent Stocks to Buy Hand Over Fist Right Now
2024-02-18,The Ultimate AI Growth Stock to Buy With $500
2024-02-18,"2 Best ""Magnificent Seven"" Stocks to Buy in February"
2024-02-18,0
2024-02-19,There Are Reasons To Feel Uneasy About Amazon.com's (NASDAQ:AMZN) Returns On Capital
2024-02-19,Amazon (NASDAQ:AMZN) Embarks on the Next Growth Flight
2024-02-19,"At US$170, Is Amazon.com, Inc. (NASDAQ:AMZN) Worth Looking At Closely?"
2024-02-20,Amazon Set to Replace Walgreens in Dow Jones Industrial Average
2024-02-20,Amazon to replace Walgreens in Dow Industrial Average next week
2024-02-20,"Amazon to join Dow Jones Industrial Average, reflecting ‘evolving nature of American economy’"
2024-02-21,"Up More Than 100% Since The Start Of 2023, Where Is Amazon Stock Headed?"
2024-02-21,Amazon to Replace Walgreens in the Dow: Why This Matters
2024-02-21,Amazon’s (NASDAQ:AMZN) Bezos Concludes $8.6B Stock Sale
2024-02-22,Amazon.com’s (AMZN) Quarterly Results Exceeded Expectations
2024-02-22,Amazon: Buying More Of This Powerful Growth Stock
2024-02-22,"Why Meta, Amazon, and Other ""Magnificent Seven"" Stocks Rallied Today"
2024-02-23,Where Will Amazon Stock Be in 1 Year?
2024-02-23,Is It Too Late to Buy Amazon Stock?
2024-02-23,Amazon.co (AMZN) Stock Increased Following the Q3 Earnings Report
2024-02-24,Amazon.com (NASDAQ:AMZN) stock performs better than its underlying earnings growth over last five years
2024-02-24,Amazon’s stock could lose to Walgreens’ this year if the Dow jinx holds
2024-02-24,0
2024-02-25,2 Reasons to Buy Amazon Stock Like There's No Tomorrow
2024-02-25,0
2024-02-25,0
2024-02-26,5 Reasons to Buy Amazon Stock Like There's No Tomorrow
2024-02-26,Amazon lost nearly $1 billion on its Rivian investment last week
2024-02-26,0
2024-02-27,The Beginning Of A New Era At Amazon
2024-02-27,0
2024-02-27,0
2024-02-28,Here's Why Amazon.com (NASDAQ:AMZN) Can Manage Its Debt Responsibly
2024-02-28,"Amazon and Walmart Are Shaking Up the Dow, But Is Either Stock a Buy Now?"
2024-02-28,4 Reasons Amazon Is Still A Buy For 2024
2024-02-29,Amazon (AMZN) is a Great Momentum Stock: Should You Buy?
2024-02-29,Amazon's Stock Looks Cheap (NASDAQ:AMZN)
2024-02-29,0