Date,News Article Titles
2023-09-01,How To Turn Google And Meta Into 4.2% Yielding Rich Retirement Dream Stocks
2023-09-01,Alphabet’s (NASDAQ:GOOGL) Google in Legal Soup Over Monopolistic Behavior
2023-09-01,Will Alphabet Be a $2 Trillion Stock by 2024?
2023-09-02,0
2023-09-02,0
2023-09-02,0
2023-09-03,Understanding Baidu (HKEX: 9888): China’s Answer to Google
2023-09-03,3 Mega-Cap Stocks to Buy in September
2023-09-03,0
2023-09-04,Great News for Alphabet Stock Investors
2023-09-04,Top Internet Stock Showdown: Amazon.com (AMZN) vs. Alphabet (GOOGL)
2023-09-04,Where will Alphabet stock be in 1 year?
2023-09-05,"Google Buy Signals (Technical Analysis, Rating Upgrade)"
2023-09-05,"AI's Growing Influence: Over 7,000 Mentions In Q2 Earnings Calls Boost Stocks"
2023-09-05,0
2023-09-06,Alphabet Is Primed for Strong Revenue Growth Thanks to These Businesses
2023-09-06,"Google: Dominant, Innovative And Adaptable - Yet, Recession Risk Remains"
2023-09-06,The 3 Best Nasdaq Stocks to Buy Now: September 2023
2023-09-07,"1 Spectacular Stock Poised to Join Microsoft, Alphabet, Amazon, Nvidia, and Apple in the $1 Trillion Club"
2023-09-07,Google (NASDAQ:GOOGL) Sets New AI Policy
2023-09-07,Disney Should Cave To Charter Demands: Analysts Size Up Missed Revenue Without A Deal
2023-09-08,Smart Money' Investors Pour $2 Billion Into Just 5 Stocks
2023-09-08,Bandera Partners LLC Acquires Significant Stake in The Joint Corp
2023-09-08,XLK ETF: This Long-Term Winner Still Looks Attractive
2023-09-09,"Google CEO Sundar Pichai Says AI Could Be ""Bigger Than the Internet"": 3 Stocks to Buy and Hold If He's Right"
2023-09-09,iOS vs Android Market Share by Country: Top 30 Countries Using iPhones
2023-09-09,"Will ChatGPT Ever Actually Be the ""Google Killer"" Everyone Thought It Would Be? (Answer -- not yet!)"
2023-09-10,Is Alphabet Stock a Buy Now?
2023-09-10,The 7 Best Autonomous Driving Stocks to Buy Now: September 2023
2023-09-10,13 Best Stocks To Invest In According to AI
2023-09-11,Alphabet (NASDAQ:GOOG) Prepares for Trial
2023-09-11,
2023-09-11,"Dear GOOGL Stock Fans, Mark Your Calendars for Sept. 12"
2023-09-12,"Magnificent Seven' Dominate S&P 500, But Haunting Echoes Of Dot-Com Bubble Resurface"
2023-09-12,What the Google antitrust trial could mean for the stock
2023-09-12,"Magnificent Seven' investing playbook: Google’s antitrust battle comes at a 'pivotal time,' analyst says"
2023-09-13,Alphabet (NASDAQ:GOOGL) Accused of Bribery for Search Dominance
2023-09-13,5 Tips For Selling Options Profitably for NASDAQ:GOOG by PropNote
2023-09-13,The 3 Most Undervalued Communications Stocks to Buy in September 2023
2023-09-14,"Political Ad Spending In 2024 Election To Smash Records: Projected Totals, Stocks To Watch"
2023-09-14,Nvidia Stock: Join the Movement or Get Left Behind
2023-09-14,25 Most Admired Companies in 2023
2023-09-15,Alphabet’s (NASDAQ:GOOGL) AI Software is Coming Soon
2023-09-15,"VTI ETF: This Diversified Powerhouse Owns Over 3,800 Stocks"
2023-09-15,What Ray Dalio Is Doing These Days? – Top 10 Stock Picks in 2023
2023-09-16,0
2023-09-16,0
2023-09-16,0
2023-09-17,3 Artificial Intelligence Stocks You Can Buy and Hold for the Next Decade
2023-09-17,"When You Look Back in a Few Years, You Might Wish You'd Bought This Trillion-Dollar AI Stock"
2023-09-17,3 Nuclear Fusion Stocks to Buy Right Now
2023-09-18,3 Phenomenal Stock-Split Stocks You Should Be Buying Now
2023-09-18,"Why Alphabet is the ""Magnificent Seven"" AI Stock to Beat"
2023-09-18,3 Nuclear Fusion Stocks to Buy Right Now
2023-09-19,Google (NASDAQ:GOOG) Expands Bard’s AI Capabilities
2023-09-19,Google: A Dividend Could Be In The Works For This Cash Cow
2023-09-19,10 Best Ad-tech Stocks To Buy Now
2023-09-20,Inner Circle: 3 Stock Picks from a Money Manager That Charlie Munger Trusts
2023-09-20,Higher Rates Might Not Dent Tech Stocks
2023-09-20,"Stocks slide after Fed pauses, hints at higher interest rates for longer: Stock market news today"
2023-09-21,Where Will Alphabet Be in 3 Years?
2023-09-21,GOOG Stock: What’s Next After its Latest AI Rally?
2023-09-21,Google's Power Move: Broadcom Ditched in Favor of Marvell Amid AI Chip Wars
2023-09-22,YouTube announces GenAI-powered features for video creators
2023-09-22,Get The Message:' Google Roasts Apple With New Mocking 'iPager' Ad To End Green Vs Blue Text Bubbles War
2023-09-22,20 Most Innovative Companies in America
2023-09-23,Google's Startling Admission Confirms What Investors Have Long Suspected
2023-09-23,30 Low Cost Business Ideas With High Profit
2023-09-23,Hidden Gems: 3 AI Stocks Flying Under the Radar
2023-09-24,2 Artificial Intelligence (AI) Stocks to Buy and Hold Forever
2023-09-24,0
2023-09-24,0
2023-09-25,
2023-09-25,Amazon (NASDAQ:AMZN) Boosts AI Push; To Invest $4B in OpenAI-Rival Anthropic
2023-09-25,7 Blue-Chip Stocks That Deserve a Spot on Your Q4 Buy List
2023-09-26,Why GOOG Stock Remains a Screaming Buy Right Now
2023-09-26,3 High-Yield Energy Stocks That Are Gushing Gobs of Free Cash Flow
2023-09-26,Which of the Magnificent 7 Stocks Is the Best Buy Right Now?
2023-09-27,"Happy Birthday, Google! Search Engine Giant Turns Quarter Century Old, Marks It with This Special Doodle"
2023-09-27,Better Artificial Intelligence (AI) Stock: Microsoft vs. Alphabet
2023-09-27,"Google Search Celebrates 25 Years Since Launch, Remains Dominant Player"
2023-09-28,"Forget September Slump! S&P 500 Could Scale New Highs By Mid-2024, Predicts JPMorgan Strategist"
2023-09-28,"Google’s 25th birthday: Stock soared 61-fold since IPO, profit rocketed 150-fold"
2023-09-28,Amazon’s and Google’s stocks could be a ‘win-win’ even if both companies face government-ordered breakups
2023-09-29,Stock Market Seasonality Suggests Strong Q4: Alphabet Stock a Must-Have?
2023-09-29,Billionaire investor Bill Ackman channeled Warren Buffett when he bet big on Alphabet this spring
2023-09-29,"The Silicon Valley Wage War: Unveiling Salaries Of Top Talent At Apple, Microsoft, Google"
2023-09-30,7 S&P 500 Stocks Set to Explode Higher
2023-09-30,3 Stocks You Can Keep Forever
2023-09-30,Top 20 Cloud Computing Companies in USA
2023-10-01,2 Top Tech Stocks to Buy for the Long Haul
2023-10-01,Top NASDAQ ETFs for Q4 2023
2023-10-01,Opinion: These 3 Stocks Could Double by 2025
2023-10-02,"MrBeast Signs Deal With NBA Team For Feastables Jersey Sponsorship: Here Are The Details, Why It's Important"
2023-10-02,3 Way Better AI Names Than NVDA Stock (and It’s Not Even Close!)
2023-10-02,2 Breakout Growth Stocks You Can Buy and Hold for the Next Decade
2023-10-03,Why GOOG Stock Is Poised for an End-of-Year Breakout
2023-10-03,Google: Don't Worry About Antitrust
2023-10-03,"Treasury Sell-Off Sends Shockwaves: Magnificent 7 Grapples With Worst Day Since August, S&P 500's 200-Day Average Test Looms"
2023-10-04,Google (NASDAQ:GOOG) Notches Up on Multiple New Product Releases
2023-10-04,"Is MrBeast Really Giving Away 10,000 iPhone 15 Pros On TikTok? Here's What You Need To Know"
2023-10-04,How to buy Alphabet (GOOGL) shares from Singapore
2023-10-05,"If You'd Invested $1,000 in Alphabet in 2004, This Is How Much You Would Have Today"
2023-10-05,US and UK Regulators Are Going After Amazon And Microsoft
2023-10-05,Waymo's 'Cyclist Approaching' Feature Has An Edge Over Tesla's Autopilot — But Dog Detection Still Lags
2023-10-06,Google's New Tensor G3 Chipset Gets Toasty: Pixel 8 Pro Can Get Nearly As Hot As Apple's iPhone 15 Pro
2023-10-06,CEO bonus payments have gotten staggering — see who has taken home the most since 2018
2023-10-06,3 Top Cloud Stocks to Buy in October
2023-10-07,Mega-Caps Are Cheap And Google Is My Favorite
2023-10-07,"AVGO, NVDA, or INTC: Which Chip Stock is the Best Pick?"
2023-10-07,4 Second-to-None Growth Stocks You'll Regret Not Buying in the Wake of the Nasdaq Bear Market Dip
2023-10-08,Q4 Stock Predictions: 3 Nasdaq Stocks Ready to Roar Into 2024
2023-10-08,Better Buy: Alphabet vs. Datadog
2023-10-08,12 Best Booming Stocks to Buy Now According to Hedge Funds
2023-10-09,Google's 'Project Momiji' Raises Eyebrows in Ongoing Antitrust Battle
2023-10-09,"Microsoft, Google, And Adobe Navigate AI's Profitability Challenge"
2023-10-09,1 FAANG Stock That's a No-Brainer Buy in October and 1 to Avoid Like the Plague
2023-10-10,Alphabet’s (NASDAQ:GOOGL) Google: Will Its Search Dominance End?
2023-10-10,3 AI Stocks To Make You The Millionaire Next Door: October Edition
2023-10-10,2 Trillion-Dollar Stocks You'll Want to Buy in October Like They're Going Out of Style
2023-10-11,Google's AI Dilemma - Bard's Promise Versus Ethical Concerns
2023-10-11,Meta’s and Alphabet’s stocks close at highest levels since early 2022
2023-10-11,0
2023-10-12,Alphabet Stock (NASDAQ:GOOGL): Analysts Predict Greater Growth from AI Boom
2023-10-12,"Is GOOGL Stock a Buy, Sell or Hold in October 2023?"
2023-10-12,Ride the AI Wave: Why GOOGL Stock Deserves a Spot in Your Portfolio
2023-10-13,EU Demands Alphabet (NASDAQ:GOOG) Remove Disinformation from Google
2023-10-13,"Wait, Is the DOJ Lawsuit Actually Bullish For Alphabet?"
2023-10-13,Is Alphabet Stock a Buy Now?
2023-10-14,16 Google Analytics 4 Alternatives: Free and Low-cost Options
2023-10-14,"What is Alphabet, Google's parent company?"
2023-10-14,15 Most Common Reasons You’re Likely to Get Fired
2023-10-15,Alphabet Stock Is Rocketing Close to All-Time Highs: Time to Buy or Sell?
2023-10-15,Better AI Stock: Tesla vs. Alphabet
2023-10-15,Does Amazon's Artificial Intelligence (AI) Investment Make It a Buy?
2023-10-16,Google Q3 Preview: Expect Solid Numbers But Stock May Be Ahead Of Itself
2023-10-16,"Going Into Earnings, Is Alphabet Stock a Buy, Sell, or Fairly Valued?"
2023-10-16,Big tech earnings: What to expect from Q3 results
2023-10-17,Alphabet Stock (NASDAQ:GOOGL): Your Search for an Earnings Winner Ends Here
2023-10-17,Alphabet’s (NASDAQ:GOOGL) Google Blocks Rivals from 50% of U.S. Searches
2023-10-17,Better Buy: Meta Platforms vs. Alphabet
2023-10-18,Should Arm’s (NASDAQ:ARM) Investors Worry as Qualcomm and Google Use Rival Tech?
2023-10-18,0
2023-10-18,0
2023-10-19,After 50% Move This Year Alphabet Stock To Outperform The Estimates In Q3
2023-10-19,Alphabet Stock (NASDAQ:GOOGL) Q3 Earnings Preview: Can Its Strength be Sustained?
2023-10-19,Google Layoffs 2023: What to Know About the Latest GOOGL Job Cuts
2023-10-20,"Amazon, Alphabet: Looking ahead at big tech earnings"
2023-10-20,0
2023-10-20,0
2023-10-21,Is It Time to Bet on Small Caps? Analysts Share Insights On The Valuation Gap Versus Large Caps
2023-10-21,7 EV Stocks That Can Drive You to Financial Freedom
2023-10-21,Is this FTSE 250 company a better business than Google?
2023-10-22,Google: Shares Likely To Pop On Strong Earnings
2023-10-22,"Earnings week ahead: Amazon, Microsoft, Alphabet, Meta, Ford, GM and more"
2023-10-22,"Nasdaq 100, S&P 500 Weekly Forecast: Alphabet, Microsoft and Amazon Earnings Eyed"
2023-10-23,The GOOG Gold Rush: Why Analysts are Betting Big on Alphabet
2023-10-23,What to Expect From FAANG Stock Earnings This Week
2023-10-23,GOOGL Earnings Preview: Analysts Seem Upbeat About Q3 Results
2023-10-24,GOOGL Earnings: Key quarterly highlights from Alphabet’s Q3 2023 financial results
2023-10-24,Google owner Alphabet's Cloud revenue miss sends stock tumbling
2023-10-24,Alphabet Q3 2023 Earnings: Stay tuned for the live earnings call and real-time transcript
2023-10-25,"What Investors Should Take Away from Microsoft, Alphabet Earnings"
2023-10-25,Alphabet (NASDAQ:GOOG) Plunges 9% after Earnings
2023-10-25,Alphabet Inc. (NASDAQ:GOOG) Q3 2023 Earnings Call Transcript
2023-10-26,Alphabet’s 3Q cloud growth miss sparks mixed analyst reactions
2023-10-26,Why Alphabet stock crashed Wednesday morning
2023-10-26,The Magnificent 7 Stocks for October: 4 to Buy and 3 to Skip
2023-10-27,Google Bard Can Now Summarize Your Emails: Here's How To Use It
2023-10-27,3 Stocks ChatGPT Says Will Make You Rich in 20 Years
2023-10-27,Should Investors Buy the Dip in Alphabet Stock?
2023-10-28,Alphabet (NASDAQ:GOOGL): Still a Top AI Stock Despite Recent Dip
2023-10-28,Tech Earnings Were Strong. Why Stocks Slipped Into a Correction Anyway.
2023-10-28,7 Blue-Chip Stocks to Buy on Every Single Dip
2023-10-29,Amazon's AWS Vs. Microsoft Azure Vs. Google Cloud: How The Cloud Race Stacked Up In Q3
2023-10-29,Alphabet's thrashing; Intel's recovery; Meta's warning: Weekly tech roundup
2023-10-29,The Nasdaq has fallen into a correction — what investors should consider
2023-10-30,Alphabet's Latest Earnings Teaches Investors a Valuable Lesson
2023-10-30,Google owner Alphabet ploughs $2bn into AI start-up Anthropic
2023-10-30,Alphabet Shows It Will Fight For Its Place In The Cloud And AI World
2023-10-31,Google Stock Upgrade: Don't Miss The Bigger Picture
2023-10-31,It's Time To Consider Buying Google
2023-10-31,Alphabet Stock Is Sinking: Here's Why Now Could Be a Great Time to Buy
2023-11-01,Alphabet’s (GOOG) Search Business Shows Clear Signs of Reacceleration
2023-11-01,Roadkill Alert: Why GOOG Stock Is About to Get Run Over
2023-11-01,Here's Why I'm Buying the Dip On Alphabet's Stock Hand Over Fist
2023-11-02,Has Microsoft Proved It's a Better Growth Stock Than Alphabet?
2023-11-02,"I Am Buying Google's Q3 Earnings Dip Aggressively, Here Is Why"
2023-11-02,Google Lays Off Several Data Scientists Amid Voice Assistant Unit Restructuring
2023-11-03,AAPL and GOOGL’s Post-Earnings Slump: Time to Buy?
2023-11-03,"3 Stocks to Buy for Under $1,000 That Could Skyrocket by 2024"
2023-11-03,"How Amazon, Alphabet, & Microsoft are competing in the cloud"
2023-11-04,Is This Artificial Intelligence (AI) Stock-Split Stock a Buy After Q3 Earnings?
2023-11-04,"Is Microsoft, Amazon, or Alphabet the Best Stock in This $1.5 Trillion Industry?"
2023-11-04,"Ranked: The World's Most Influential Entrepreneurs Today, 2023"
2023-11-05,Should You Continue to Keep Your Alphabet (GOOG) Shares?
2023-11-05,GOOG Stock Dip: A Perfect Buy-the-Drop Opportunity for Savvy Investors?
2023-11-05,Groking Will Become Like Googling' – Elon Musk's High Ambitions For xAI's First AI Product Involves Making It A Verb
2023-11-06,A Look At Google's Strong Financial Prowess
2023-11-06,Should You Still Consider Buying Alphabet (GOOG) Shares?
2023-11-06,"YouTube's War Against Ad Blockers Leads To Record Uninstalls, But Users Are Fighting Back"
2023-11-07,Multiple Factors Contributed to Alphabet’s (GOOG) Outperformance in Q3
2023-11-07,Google: Strong Re-Rating Opportunity Following Q3 Selloff
2023-11-07,"AMD CEO Lisa Su Expects $1B In MI300 Sales: Microsoft, Meta, Oracle, Google, Amazon Placing Orders?"
2023-11-08,Google: All Good Things Must Come To An End (Rating Downgrade)
2023-11-08,3 Growth Stocks to Buy in November 2023
2023-11-08,0
2023-11-09,Don’t Let the Market Fool You. Alphabet (NASDAQ:GOOGL) is Unparalleled
2023-11-09,Give GOOG Stock a Go. Why Alphabet Is a No-Brainer Buy.
2023-11-09,Charlie Munger says investors need to own stocks like Apple and Alphabet — or they risk being left behind
2023-11-10,3 Stocks That Could Beat Nvidia at Its Own Game
2023-11-10,The 3 Priciest Magnificent Seven Stocks: Worth the Splurge?
2023-11-10,0
2023-11-11,Do You Think Alphabet (GOOG) is a Year-To-Date Standout?
2023-11-11,0
2023-11-11,0
2023-11-12,GOOG’s Mixed Signals: Decoding Alphabet’s Stock Trajectory
2023-11-12,0
2023-11-12,0
2023-11-13,Robinhood (NASDAQ:HOOD) Carries on despite Alphabet’s Departure
2023-11-13,Google Is Giving Up on Robinhood (HOOD) Stock
2023-11-13,"Alphabet cuts stock investments in latest quarter as it sold off Robinhood, Lyft holdings"
2023-11-14,Alphabet’s (NASDAQ:GOOG) Antitrust Case Looks Like a Loss: Analysts
2023-11-14,"Bill Ackman's Pershing Square raises stake in Alphabet in Q3, trims position in Lowe's"
2023-11-14,Robinhood’s Investor Alphabet Sells Off Final Stake In Trading App
2023-11-15,GOOG Stock: What the Antitrust Trial Means (and Doesn’t Mean) for the Tech Giant
2023-11-15,Why Alphabet Inc. (NASDAQ:GOOGL) Could Be Worth Watching
2023-11-15,0
2023-11-16,Wall Street sets Google stock price for the next 12 months
2023-11-16,"China Will Be At Forefront of AI, Alphabet’s Pichai Says"
2023-11-16,The 3 Most Undervalued AI Stocks to Buy Now: November 2023
2023-11-17,Reasons for the Outperformance of Alphabet (GOOG)
2023-11-17,Why GOOG Stock Is a Magnificent Must-Have for Any Portfolio
2023-11-17,Google’s next-generation ‘Gemini’ AI model delayed - report
2023-11-18,Mario Gabelli Stock Portfolio: 10 Top Stock Picks
2023-11-18,2023 Winners: 7 Stocks That Will Continue to Dominate in 2024
2023-11-18,The AI Divide: Why Nvidia Might Be the Smarter Bet Over AMD Stock
2023-11-19,Last Call: 3 Growth Stocks to Buy Before New Year’s Eve
2023-11-19,Amazon vs. Alphabet: Which Tech Stock Is a Better Buy?
2023-11-19,Harvard University Stocks List: Top 5 Picks
2023-11-20,Deeply Regret My Participation': OpenAI's Chief Scientist Who Voted To Oust Altman Vows To 'Reunite' The Company Amid Staff Rebellion
2023-11-20,The 7 Best Stocks to Buy for Slowing Inflation
2023-11-20,3 Digital Advertising Stocks That Will Capture Consumer Attention in 2024
2023-11-21,Horos Asset Management Exited Alphabet (GOOG) Following a Strong Performance
2023-11-21,Alphabet’s Potential: Why GOOG Stock Remains a Top Pick in the AI Era
2023-11-21,"Apple, Google Wanted A 'Deep, Deep Partnership' And To 'Work As If We Are One Company'"
2023-11-22,Philippe Laffont Stock Portfolio: 10 Top Stock Picks
2023-11-22,4 Things to Know About Alphabet Stock
2023-11-22,ChatGPT predicts price of Google stock for start of 2024
2023-11-23,"Ex-Googler Calls Out CEO Sundar Pichai's 'Lack Of Visionary Leadership,' Says Company Morale At 'An All-Time Low'"
2023-11-23,Can Amazon Stock (NASDAQ:AMZN) Reach Record Highs in 2024?
2023-11-23,2 Smartest Tech Stocks to Buy in 2023 and Beyond
2023-11-24,"MSFT, META, GOOGL: 3 Tech Stocks With Dozens of Buy Ratings"
2023-11-24,Alphabet (GOOGL) Announces New Updates for Google Messages
2023-11-24,Let's Ask Bard: Is Google Stock A Buy Now?
2023-11-25,2 Unstoppable Artificial Intelligence (AI) Growth Stocks Billionaires Keep Buying Hand Over Fist
2023-11-25,Google Leads Five S&P 500 Stocks Near Buy Points
2023-11-25,0
2023-11-26,Time-Tested Titans: 7 Stocks to Anchor Your Portfolio for 10 Years
2023-11-26,Elon Musk Tells Adult Performer Why NSFW Accounts On X Can't Get Paid On Mobile But Via Web Only
2023-11-26,0
2023-11-27,Alphabet (NASDAQ:GOOG) Rises on Potential Recovery of Digital Ads
2023-11-27,Is It Too Late to Buy Alphabet Stock?
2023-11-27,"Alphabet’s (NASDAQ:GOOGL) Google May Lose Antitrust Trial, Says Analyst"
2023-11-28,GOOG Stock: Will 2024 be Alphabet’s ‘Year of AI?’
2023-11-28,Better Buy-the-Dip Stock: Alphabet vs. The Trade Desk
2023-11-28,"If You Can Only Buy One Autonomous Driving Stock in December, It Better Be One of These 3 Names"
2023-11-29,"Half of This Massive ETF Is Invested in the ""Magnificent Seven."" But Is It a Buy Now?"
2023-11-29,25 Cities With Highest Percentage Of Asian American Population
2023-11-29,0
2023-11-30,Alphabet (GOOG) Gained 9% in Q3
2023-11-30,3 Reasons Why Alphabet Is (and Always Will Be) a Growth Stock Worth Owning
2023-11-30,OpenAI in Turmoil: Why Alphabet and Amazon Could Be the Big Winners
2023-12-01,Here’s How Atai Capital Used Alphabet (GOOG) To Explain Price Volatility
2023-12-01,0
2023-12-01,0
2023-12-02,GOOG Stock Alert: Alphabet Is Spending Money in All the Wrong Places
2023-12-02,"2 Reasons to Buy Alphabet, and 1 Reason to Sell"
2023-12-02,"3 Artificial Intelligence (AI) Stocks to Buy With $1,000 and Hold for 10 Years"
2023-12-03,14 Best Most Active Stocks to Buy Now
2023-12-03,3 Green Flags for Alphabet’s Future
2023-12-03,7 Stocks That Your Grandchildren Will Be Glad You Bought for Them
2023-12-04,"Larry Page Disliked Elon Musk's Love For Humanity Over AI-Powered Digital Life Forms, And That Soured Their Friendship"
2023-12-04,Frontiers in Quantum Computing: 3 Stocks Leading the Way
2023-12-04,Alphabet (GOOGL) Expands Google TV Services With Latest Move
2023-12-05,Ahead of the Curve: 3 Robust Stocks to Buy Before 2024 Begins
2023-12-05,The 7 Best Artificial Intelligence (AI) Stocks to Buy Now
2023-12-05,"Forget Teens, Even Thieves Want Only iPhones: Armed Robbers Return Android Phone, Saying 'We Don't Want This'"
2023-12-06,Alphabet (NASDAQ:GOOG) Rolls Out Gemini in Three Different Sizes
2023-12-06,Battle in the Clouds: How Amazon and Google's Allegations Might Reshape Microsoft's Strategy
2023-12-06,0
2023-12-07,Would You Still Invest in Alphabet (GOOG) Based on Claret Asset Management’s Q3 Letter?
2023-12-07,Why Is Google Parent Alphabet Stock Soaring Today?
2023-12-07,Sit Tight! Don’t Buy GOOG Stock Until 2024.
2023-12-08,What's Going On With Google Parent Alphabet Stock Friday?
2023-12-08,Why Is Alphabet (GOOG) a Lucrative Opportunity?
2023-12-08,Better Stock Buy for 2024: Microsoft or Alphabet?
2023-12-09,"Investors Take Note, Alphabet Stock Is Still A Buy"
2023-12-09,Is it Still Worthy to Invest Your Hard Earned Money in Alphabet (GOOG)?
2023-12-09,"If You Invested $1,000 In Microsoft When Windows 2.0 Was Launched, Here's How Much You'd Have Today"
2023-12-10,0
2023-12-10,0
2023-12-10,0
2023-12-11,"If You Invested $1,000 In Microsoft When Windows 2.0 Was Launched, Here's How Much You'd Have Today"
2023-12-11,"Why Big Tech Stocks Alphabet, Amazon, and Meta Dropped on Monday"
2023-12-11,The 3 Best Forever Stocks to Buy in December
2023-12-12,What's Going On With Google Parent Alphabet's Stock Tuesday?
2023-12-12,"7 AI Stocks to Turn $50,000 Into $1 Million: December 2023"
2023-12-12,Can Alphabet Stock Hit $200 in 2024?
2023-12-13,"Up 51% in 2023, Is Alphabet Stock a Buy for 2024?"
2023-12-13,Alphabet’s AI Ambitions: A Catalyst for GOOG Stock’s Future Growth
2023-12-13,Amazon And Alphabet 'Top Picks' For 2024: JPMorgan Bets On Continued Mega-Cap Tech Rally
2023-12-14,Is Alphabet Stock a Buy Now?
2023-12-14,Google's AI Search - A Double-Edged Sword for Publishers Like the Atlantic
2023-12-14,Alphabet: Gemini Demo Controversy Overshadows Bigger Problems
2023-12-15,Google: One Of My Top Picks For 2024
2023-12-15,0
2023-12-15,0
2023-12-16,4 Unequaled Growth Stocks You'll Regret Not Buying in the Wake of the Nasdaq Bear Market Dip
2023-12-16,Here Are My Top 10 Stocks for 2024
2023-12-16,AI Meets Biotech: 3 Top Stocks Transforming Medical Science
2023-12-17,Is Alphabet’s Gemini a Game-Changer for GOOG Stock Investors?
2023-12-17,It's Almost 2024: 3 Top Stocks to Buy Before the New Year
2023-12-17,"Google Stock Price Prediction in 2030: Bull, Base & Bear Forecasts"
2023-12-18,Alphabet Jumped Again Today Thanks to AI -- Is the Stock a Buy?
2023-12-18,"Why Alphabet, Amazon, and Other ""Magnificent Seven"" Stocks Rallied Today"
2023-12-18,Fortnite' Maker's CEO Fears Google Might Still 'Get Away' With High App Store Fees Despite Legal Setback
2023-12-19,Better Artificial Intelligence (AI) Stock: Alphabet vs. Amazon
2023-12-19,Why These 7 Cloud Computing Stocks Should be on Your Radar in 2024
2023-12-19,3 Artificial Intelligence (AI) Stocks for 2024 (and Beyond)
2023-12-20,"Alphabet Just Said ""Checkmate"" to Microsoft, but Here's Why Investors Could Be the Real Winners"
2023-12-20,Alphabet gains amid report of restructuring to impact ad sales unit
2023-12-20,3 AI-Backed Stocks That Could Deliver Massive Gains by 2028
2023-12-21,Alphabet (GOOG) Outperformed Market Expectations
2023-12-21,"Google's VideoPoet Could Be The AI Video Generator You've Been Waiting For, Offering Cutting-Edge Video Generation Features"
2023-12-21,0
2023-12-22,"Alphabet Inc CEO Sundar Pichai Sells 22,500 Shares"
2023-12-22,"Top FAANG Bets for 2024: Analyst Picks Alphabet and Amazon, Eyes GenAI Revolution"
2023-12-22,3 Stocks to Play the Rise of the Creator Economy in 2024
2023-12-23,5 Best Hot Stocks To Buy Now
2023-12-23,4 Colossal Growth Stocks You'll Regret Not Buying in the Wake of the Nasdaq Bear Market Dip
2023-12-23,0
2023-12-24,Why These 7 Long-Term Stocks Should Be on Your Radar in 2024
2023-12-24,"Google Restricts Election-Related Queries, Bill Gates Enthused By AI Innovations And More: This Week In Artificial Intelligence"
2023-12-24,A Bull Market Is Coming: 2 Stock-Split Stocks to Buy as Part of Your 2024 New Year's Resolution
2023-12-25,3 Top Stocks to Buy Hand Over Fist Before the End of 2023
2023-12-25,Beyond Market Price: Uncovering Alphabet Inc's Intrinsic Value
2023-12-25,Google Bard’s top 5 stocks to buy for start of 2024
2023-12-26,Better Artificial Intelligence (AI) Stock: Nvidia vs. Alphabet
2023-12-26,"Julian Lin On Palantir, Google, Meta And Apple"
2023-12-26,Amazon Echo Frames vs. Meta's Ray-Ban: Exploring the Latest in Smart Glasses for Everyday Americans
2023-12-27,"Got $1,000? Here Are 3 Stocks That Could Make You Rich in 2024"
2023-12-27,Alphabet (GOOGL) Stock Declines While Market Improves: Some Information for Investors
2023-12-27,4 Top Artificial Intelligence (AI) Stocks to Buy Before 2024
2023-12-28,Could Alphabet Stock Help You Become a Millionaire?
2023-12-28,Alphabet Inc. (GOOG) Stock Falls Amid Market Uptick: What Investors Need to Know
2023-12-28,Top 3 Communication Stocks Picks for the New Year
2023-12-29,Google Agrees To $5B Settlement In Consumer Privacy Lawsuit Over Alleged Clandestine Tracking
2023-12-29,Google to settle $5B 'Incognito Mode' privacy lawsuit
2023-12-29,Data Center Dynamos: 3 Stocks Powering the Information Age
2023-12-30,MrBeast Vs. Elon Musk: YouTuber Says Twitter Compensation 'Wouldn't Fund A Fraction' Of Videos He Makes
2023-12-30,Data Center Dynamos: 3 Stocks Powering the Information Age
2023-12-30,"If I Could Buy Only 1 Artificial Intelligence (AI) Stock, This Would Be It"
2023-12-31,4 Reasons to Buy Alphabet Stock and 2 Reasons to Sell
2023-12-31,3 Growth Stocks Set to Outperform the Nasdaq in 2024
2023-12-31,Here's Billionaire Investor Bill Ackman's Favorite Artificial Intelligence (AI) Stock -- and Why It's a No-Brainer Buy for 2024
2024-01-01,"Wedbush's Dan Ives Says, 'Tech Stocks Will Be Up 25% In 2024' — Predicts Nasdaq At 20K"
2024-01-01,3 Top AI Stocks to Buy and Hold for the Next 5 Years
2024-01-01,0
2024-01-02,Is It Too Late to Buy Alphabet Stock?
2024-01-02,Best AI Stock 2024: Alphabet Stock vs. Microsoft Stock
2024-01-02,7 Stocks That Will Join the Trillion Dollar Club
2024-01-03,Apple's $85B Services Business In Crosshairs Of Legal And Regulatory Rulings
2024-01-03,3 Stocks to Buy and Hold for a Lifetime: 2024 Edition
2024-01-03,Facebook Now Monitors Your Browsing History In The App: Here's What It Means For You And How You Can Disable It
2024-01-04,GOOG Stock Alert: 3 Reasons to Buy Alphabet Right NOW
2024-01-04,Better Tech Stock: Alphabet vs. Apple
2024-01-04,"Google could cut 30,000 jobs as it further employs AI: report"
2024-01-05,"Alphabet, Kraft Heinz And 2 Other Stocks Insiders Are Selling"
2024-01-05,Google: Time To Load Up (Upgrade)
2024-01-05,"If You'd Invested $1 in Alphabet in 2004, This Is How Much You Would Have Today"
2024-01-06,Is Alphabet Stock a Buy for 2024?
2024-01-06,0
2024-01-06,0
2024-01-07,A Bull Market Is Coming: 1 Stock Split AI Stock to Buy in 2024 and Hold Forever
2024-01-07,The 3 Hottest Wearable Technology Stocks to Watch in 2024
2024-01-07,0
2024-01-08,Alphabet unit inks deals with Eli Lilly and Novartis for AI drug discovery
2024-01-08,2024’s Top Picks: Which 3 Magnificent Seven Stocks Should You Buy?
2024-01-08,"Google's AI Spin-Off Isomorphic Labs Strikes Big Pharma Deals, Paving the Way for Future of Drug Discovery"
2024-01-09,AI Legal Troubles Don’t Bother Alphabet (NASDAQ:GOOG) Investors
2024-01-09,Better Artificial Intelligence (AI) Stock: Nvidia vs. Alphabet
2024-01-09,Is It Too Late to Buy Alphabet Stock?
2024-01-10,Forget Nvidia: 2 Tech Stocks to Buy Instead
2024-01-10,3 AI Stocks Primed for a Breakout in 2024
2024-01-10,0
2024-01-11,Alphabet (NASDAQ:GOOGL) Hits a Roadblock in EU Antitrust Case
2024-01-11,"Investors Watch Closely as Google Takes on Microsoft, Amazon"
2024-01-11,Google Layoffs 2024: What to Know About the Latest GOOG Job Cuts
2024-01-12,Alphabet Forecast: 3 Reasons to Be Bullish on GOOG Stock in 2024
2024-01-12,"Google's Mysterious Layoff Reportedly Claims Over 1,000 Employees Overnight – What's Happening Behind Closed Doors?"
2024-01-12,"Cloudflare CEO Says Viral Firing Video Is 'Painful': 'We Were Far From Perfect… We Don't Always Get It Right"""
2024-01-13,Better Artificial Intelligence (AI) Stock: Microsoft vs Alphabet
2024-01-13,"Forget Nvidia. Here's a Better ""Magnificent Seven"" Stock for 2024."
2024-01-13,1 Artificial Intelligence (AI) Stock to Buy Hand Over Fist in January
2024-01-14,Here’s What May Spark the Next Big GOOG Stock Rally
2024-01-14,3 Growth Stocks to Buy That Could Be Massive Long-Term Winners
2024-01-14,History Says the Nasdaq Will Crush 2024. Here's 1 Artificial Intelligence (AI) Stock-Split Stock to Buy and Hold Forever.
2024-01-15,What Makes Alphabet (GOOG) an Attractive Long-Term Investment?
2024-01-15,Here’s How Alphabet (GOOG) Utilized AI
2024-01-15,"Global Giants KKR, Bain Capital Target Asia's Rising Data Center Space Amid AI, Cloud Services Upswing"
2024-01-16,Bet On Google's 'Alpha Bets'
2024-01-16,"Why Alphabet Stock Rallied 58% in 2023, and Why There's More in Store for 2024"
2024-01-16,3 Magnificent 7 Stocks That Could Stay Hot in 2024
2024-01-17,Why Alphabet Stock Fell Today
2024-01-17,From Hidden Easter Eggs To Magic Keywords: Discover 5 Google Tricks That'll Amaze You
2024-01-17,0
2024-01-18,Here’s Why Investors Sold Off Alphabet (GOOG)
2024-01-18,Alphabet (NASDAQ:GOOGL) Plans More Layoffs as AI Grows
2024-01-18,"Google layoffs not done, Pichai says: report"
2024-01-19,Alphabet Outlook: My GOOG Stock Forecast for 2024
2024-01-19,Alphabet (NASDAQ:GOOGL) Prepares Hefty Investment in UK AI
2024-01-19,Here's Why Investors Sold Off Alphabet (GOOG)
2024-01-20,Google: I Never Thought That Alphabet's Moat Could Be In Danger
2024-01-20,"Invest In Google, Ignore The Pressure Around Only Buying Dividend Stocks"
2024-01-20,5 Near Monopoly Stocks in the US
2024-01-21,Can Alphabet Stock Hit $200 in 2024?
2024-01-21,2 Tech Stocks You Can Buy and Hold for the Next Decade
2024-01-21,History Says the Nasdaq Will Roar Higher in 2024: 2 Revolutionary AI Stocks to Buy Before It Does
2024-01-22,Relax! Alphabet Layoffs Aren’t a Sell Signal for GOOG Stock.
2024-01-22,Google's Sundar Pichai Wants To Focus On 'Durable Cost Savings' In 2024 While His Engineers Ring Alarm Bells Over 'Lack Of Vision'
2024-01-22,"Take-Two Interactive Hits 52-Week High, Fueled By GTA 6 Release Optimism, AI Integration"
2024-01-23,Alphabet Inc. (GOOG) Earnings Expected to Grow: Should You Buy?
2024-01-23,Alphabet (GOOG)’s share price: What to expect for Q4 2023 results
2024-01-23,"Should You Buy the Dip on the 3 ""Magnificent Seven"" Stocks That Are Already Down in 2024?"
2024-01-24,GOOG Stock in 2024: Why Alphabet Remains a Strong Bet Despite AI Setbacks
2024-01-24,Google stock hits record high following ‘AI wake-up call’
2024-01-24,Alphabet (NASDAQ:GOOGL) Settles AI Chip Patent Dispute
2024-01-25,Why Alphabet Stock Rallied Thursday Morning
2024-01-25,3 Reasons to Buy Alphabet Stock in 2024
2024-01-25,"Google, Amazon, Microsoft AI Partnerships Face FTC Scrutiny"
2024-01-26,"Beating The S&P 500 By 40% Since The Start Of 2023, What To Expect From Alphabet Stock In Q4?"
2024-01-26,Best AI Stocks 2024: Nvidia Stock vs. Amazon Stock vs. Google Stock
2024-01-26,Google-owner Alphabet heading towards US$2trn market value as tech tear continues
2024-01-27,Could Alphabet Stock Help You Become a Millionaire?
2024-01-27,Where Will Google Stock Be in 2024?
2024-01-27,5 Phenomenal Stocks I Just Bought That You Should Consider Too
2024-01-28,3 Tech Stocks to Buy and Hold Forever: January 2024
2024-01-28,"Weekly Preview: Earnings To Watch (AMZN, AAPL, GOOG, META, MSFT)"
2024-01-28,0
2024-01-29,Alphabet Analyst Bumps Up Price Target Ahead Of Q4 Results — But Flags Weakness In This Key Segment
2024-01-29,GOOG Stock Warning: The One Thing That Could Threaten Alphabet’s Dominance
2024-01-29,"Google To Focus On AI Positioning, Impact Of Layoffs And Shareholder Returns After Q4 Earnings"
2024-01-30,"Alphabet (GOOG, GOOGL) Q4 2023 Earnings: What to Expect"
2024-01-30,GOOG Stock Alert: Alphabet Falls 6% Despite Earnings Beat
2024-01-30,"All you need to know about Alphabet’s (GOOG, GOOGL) Q4 2023 earnings results"
2024-01-31,"MSFT, GOOG, and AMD: 3 Crazy Reactions to Generally Good Earnings"
2024-01-31,"I'll Buy This ""Disappointing"" Alphabet Stock Any Day of the Week"
2024-01-31,Alphabet Stock Is Down Today. Now Is the Time to Buy
2024-02-01,Alphabet Inc. (NASDAQ:GOOG) Q4 2023 Earnings Call Transcript
2024-02-01,Google Stock: This Is A Golden Buying Opportunity
2024-02-01,Why Alphabet stock was sliding today
2024-02-02,Why Major Tech Stocks Like Alphabet and Broadcom Flew Higher on Friday
2024-02-02,Analysts Have Made A Financial Statement On Alphabet Inc.'s (NASDAQ:GOOGL) Full-Year Report
2024-02-02,Blue-Chip Beauties: 3 Stable Stocks to Buy for Long-Term Growth
2024-02-03,Tim Cook's AI Efforts Have Wedbush's Dan Ives Excited: 'We View Apple Like Meta 18 Months Ago'
2024-02-03,From Silicon Valley To Sandy Beaches: Google Cofounder Larry Page Reportedly Makes Silent $32M Purchase Of Puerto Rico Island
2024-02-03,"2 AI Stocks I'm Going ""All In"" On In 2024"
2024-02-04,3 Takeaways From Alphabet's Fourth Quarter That Bode Well for Its Stock
2024-02-04,Google: Why I Am Doubling Down Aggressively After Q4
2024-02-04,"Google’s ‘Most Advanced’ AI Predicts These 3 Stocks Will Gain 3,000%"
2024-02-05,Why GOOG Stock’s Post-Earnings Dip Spells Opportunity
2024-02-05,Should You Hold Alphabet (GOOG)?
2024-02-05,Google: The Underappreciated Magnificent 7 Stock (NASDAQ:GOOG)
2024-02-06,Alphabet Stock: Hurry and Get a Mag-7 Post-Earnings Bargain
2024-02-06,Alphabet Is Reportedly Eyeing External Funding For GFiber Internet Expansion
2024-02-06,This Artificial Intelligence (AI) Stock Just Tanked. Time to Buy the Dip?
2024-02-07,Where Will Google Stock Be in 2 Years?
2024-02-07,Alphabet's Culture Issue Is Worse Than Its Earnings Issue
2024-02-07,Alphabet’s (NASDAQ:GOOGL) Waymo Hits a Cyclist
2024-02-08,Here's Why I'm Buying the Dip on Alphabet's Stock
2024-02-08,"GOOG Stock Forecast: No, It’s Not Too Late to Join the Rebound Rally"
2024-02-08,"Alphabet Inc CEO Sundar Pichai Sells 22,500 Shares"
2024-02-09,"Alphabet, Visa And 2 Other Stocks Insiders Are Selling"
2024-02-09,PINS Stock Alert: Pinterest Strikes New Deal With Google
2024-02-09,HSBC Joins Forces With Google To Achieve $1B Climate Tech Finance Goal
2024-02-10,The Big Positive From Google's Earnings That The Market Is Overlooking
2024-02-10,Great News for Google Stock Investors!
2024-02-10,3 Artificial Intelligence (AI) Stocks That Are Screaming Buys in February
2024-02-11,Should You Investigate Alphabet Inc. (NASDAQ:GOOGL) At US$149?
2024-02-11,Eyewitness Describes 'Wild' Experience As Crowd Vandalizes And Sets Google's Waymo Self-Driving Car On Fire In San Francisco: 'No One Stood Up'
2024-02-11,7 Tech Stocks to Buy on the Dip: February 2024
2024-02-12,Buy Into Alphabet’s AI Future: A Roadmap to $300 GOOG Stock Glory
2024-02-12,5 Best Metaverse Stocks To Buy Right Now
2024-02-12,Google Commits $27M To Boost AI Skills In Europe
2024-02-13,Alphabet Stock (NASDAQ:GOOGL): AI Innovation Warrants a Higher Multiple
2024-02-13,GOOG Stock Glow-Up: Why Alphabet’s AI Move Is Sparking Major Buzz
2024-02-13,What's Going On With Alphabet Stock?
2024-02-14,"Nvidia Overtakes Alphabet, One Day After Eclipsing Amazon"
2024-02-14,Nvidia overtakes Alphabet to become third-largest U.S. company
2024-02-14,History Says Alphabet Stock Will Skyrocket Thanks to This Trend
2024-02-15,Why Alphabet Stock Stumbled Thursday Morning
2024-02-15,Alphabet (NASDAQ:GOOGL) Slips as OpenAI Plans Search Market Poach
2024-02-15,"‘Buy Alphabet Stock,’ Says Top Analyst as It Ramps Up the AI Stakes"
2024-02-16,Insider Insights: Alphabet CEO Sells GOOG Stock. Panic or Pounce?
2024-02-16,Alphabet Stock: The Gift That Keeps on Giving -- Or Is It?
2024-02-16,"Billionaire Investor Stanley Druckenmiller's Firm Dumps Alphabet, Amazon, Boosts Investments In AI Leaders Nvidia And Microsoft"
2024-02-17,Alphabet Stock (NASDAQ:GOOGL) Is Now My Largest Tech Holding. Here’s Why
2024-02-17,Could Alphabet Stock Help You Become a Millionaire?
2024-02-17,Here's Why Alphabet Is the Best AI Stock to Buy Right Now
2024-02-18,Google Faces Major AI Challenge
2024-02-18,3 Top Tech Stocks to Buy in February
2024-02-18,0
2024-02-19,GOOG Stock Outlook: Why Alphabet Shares Could Surge Higher in 2024
2024-02-19,5 Best Big Name Stocks to Buy Right Now
2024-02-19,The Art of Valuation: Discovering Alphabet Inc's Intrinsic Value
2024-02-20,GOOG Stock Analysis: Get Ready for a $2 Trillion Market Cap
2024-02-20,"Meta, Alphabet Pushed to Enter Deals With Indonesia News Firms"
2024-02-20,Google: Why Latest Pullback Presents A Buying Opportunity
2024-02-21,Is Most-Watched Stock Alphabet Inc. (GOOG) Worth Betting on Now?
2024-02-21,"This ""Magnificent Seven"" Stock Looks Like a Buy"
2024-02-21,5 Best Stocks To Buy Before Recessions
2024-02-22,Alphabet (NASDAQ:GOOGL) Halts Gemini Tool over Generated Images
2024-02-22,Here's My Top 4 Tech Stocks to Buy Right Now
2024-02-22,5 Best Momentum Stocks To Buy Now
2024-02-23,GOOG Stock Analysis: Why Right Now Is the Best Time to Buy Alphabet
2024-02-23,Google: Making Great Progress In The Cloud
2024-02-23,Jim Cramer Says McDonald's AI Drive-Thru Adoption Bodes Well For Nvidia: 'You Think Other Guys Can Possibly Risk Not Having This'
2024-02-24,Alphabet (NASDAQ:GOOGL): Undervalued and Overlooked Magnificent Seven Stock
2024-02-24,Is Alphabet a Millionaire Maker?
2024-02-24,"The Ultimate Growth Stock to Buy With $1,000 Right Now"
2024-02-25,5 Best Major Stocks to Buy Right Now
2024-02-25,Ken Fisher Portfolio: 5 Biggest Positions
2024-02-25,Top Picks From Wall Street: 2 Magnificent Growth Stocks to Buy Now and Hold Long-Term
2024-02-26,Google's AI Mistakes Are A Potential Risk For Shareholders
2024-02-26,Alphabet (NASDAQ:GOOGL) Reveals Microsoft’s Plan to Sell Bing to Apple
2024-02-26,Don’t Give Up: GOOG Stock Is Still a Buy Right Now
2024-02-27,"Are Alphabet's Days as a Member of the ""Magnificent Seven"" Numbered?"
2024-02-27,Look No Further! Alphabet Stock Is the AI Pick That Can’t Lose.
2024-02-27,Not Nvidia Or Meta: Hedge Fund Titan Bill Ackman Sees Lucrative Opportunity In This 'Magnificent 7' Stock
2024-02-28,Alphabet Stock (NASDAQ:GOOGL): Gemini Failure Doesn’t Disrupt the Business
2024-02-28,Alphabet Inc. (GOOG) Suffers a Larger Drop Than the General Market: Key Insights
2024-02-28,Google Is A Buy At Key Level (Technical Analysis)
2024-02-29,AI Disaster -- Is Google Doomed to Fail in AI?
2024-02-29,0
2024-02-29,0