Date,News Article Title
2023-09-01,AES Brasil signs 154-MW wind PPA with Microsoft
2023-09-01,Dow Jones Rallies 250 Points On Unemployment Rate Jump; Tesla Stock Skids After New Model 3 Release
2023-09-01,Top 25 Stocks in the S&P 500 by Index Weight for September 2023
2023-09-02,Here's why stocks may surprise to the upside in September
2023-09-02,Jim Cramer Recommended These 10 Stocks
2023-09-02,0
2023-09-03,Motley Fool: Microsoft a giant that’s only getting bigger
2023-09-03,"Meta's AI Privacy, Microsoft's Smart Backpack And Google's Fight Against Fake News: This Week In AI"
2023-09-03,Bill Gates Almost Killed Xbox Because Of This One Reason: 'This Is An Insult To Everything I've Done'
2023-09-04,3 Top Tech Stocks to Buy in September
2023-09-04,3 Very Oversold Tech Stocks to Buy Right Now
2023-09-04,"Buy, Sell or Hold? My Calls on the ‘Magnificent 7’ Stocks"
2023-09-05,"MSFT, PATH, or NVDA: Which AI Stock is the Most Promising Pick?"
2023-09-05,CrowdStrike CEO: 'Microsoft is always going to be a competitor'
2023-09-05,Dow Jones Falls Under Key Level As Oil Stocks Pop; 3 Warren Buffett Stocks Near Entries
2023-09-06,7 Retirement Stocks That Every Long-Term Investor Should Own Now
2023-09-06,"Major Indexes Break 50-Day Line Of Support; Apple, Microsoft Fall As AI Stock Earnings Loom, AMC Crashes"
2023-09-06,Exclusive-AI chip startup d-Matrix raises $110 million with backing from Microsoft
2023-09-07,"If You Invested $1,000 In Microsoft Stock When Bill Gates Left As CEO, Here's How Much You'd Have Today"
2023-09-07,Microsoft Launches New Employee Rating System For Performance Reviews
2023-09-07,5 Reasons to Buy Microsoft Stock Right Now
2023-09-08,"Dow Jones Rises 100 Points, Led By Apple, Microsoft; Adobe Stock Fades Despite Bullish Analyst Note"
2023-09-08,Dow Ekes Out Gain; Microsoft Retakes Key Level As First Solar Rises On Analyst Views
2023-09-08,0
2023-09-09,OpenAI lawsuit alleges data scraping in training AI models
2023-09-09,Google’s Defense in Landmark Antitrust Case Hinges on Lawyers Who Took on Microsoft
2023-09-09,"Google CEO Sundar Pichai Says AI Could Be ""Bigger Than the Internet"": 3 Stocks to Buy and Hold If He's Right"
2023-09-10,Why We Like The Returns At Microsoft (NASDAQ:MSFT)
2023-09-10,2 Artificial Intelligence (AI) Stocks to Buy in September 2023 That Could Soar Like Nvidia
2023-09-10,New/Old Reasons Not To Buy Stocks - Markets
2023-09-11,The 7 Best Tech Stocks to Buy to Capitalize on the AI Revolution
2023-09-11,Top 20 AI and Robotics Companies Transforming the Agriculture Sector
2023-09-11,0
2023-09-12,Citi predicts positive growth for Microsoft after rough August
2023-09-12,2 Top Tech Stocks to Buy During a Recession
2023-09-12,"Magnificent Seven' Dominate S&P 500, But Haunting Echoes Of Dot-Com Bubble Resurface"
2023-09-13,Microsoft Stock Outlook: The Catalysts That Could Send MSFT Surging in 2024
2023-09-13,Better Growth Stock: Apple vs. Microsoft
2023-09-13,"Microsoft Continues Pursuing Activision, Lands Another Green Light"
2023-09-14,Buying on the Dip: 3 Stocks to Snag Now for Supercharged Gains
2023-09-14,Better Buy: Amazon Stock vs. Microsoft Stock
2023-09-14,The Fortune 500 Companies Earning The Most (And Least) Profit Per Worker
2023-09-15,Microsoft has analysts 'increasingly bullish' on AI tool Copilot's revenue uplift potential
2023-09-15,"Lauren Knausenberger Appointed SAIC EVP, Chief Innovation Officer"
2023-09-15,Alibaba Makes A Big AI Leap As Technology Continues To Evolve From Being A Useful Tool To A Genuine Game Changer
2023-09-16,Is Microsoft Stock a Buy Now?
2023-09-16,"‘Load Up,’ Says Goldman Sachs About Microsoft Stock"
2023-09-16,"US, Vietnam strengthen bilateral ties in AI and aviation"
2023-09-17,Microsoft Stock Is Still Cheap Given Its Massive Free Cash Flow
2023-09-17,"When You Look Back in a Few Years, You Might Wish You'd Bought This Trillion-Dollar AI Stock"
2023-09-17,0
2023-09-18,Departing Microsoft hardware boss Panos Panay said to be heading to Amazon
2023-09-18,"Microsoft Product Chief Is Exiting, in Blow to Hardware Unit"
2023-09-18,Missed Out on NVDA and META? 3 More AI Stocks to Buy Before It’s Too Late
2023-09-19,Microsoft Eyes Apple’s Spot as World’s Largest Stock
2023-09-19,Microsoft Is Gradually Closing In on Apple as It Eyes Position as World’s Largest Stock
2023-09-19,"Microsoft's Vision For Xbox: Next-Gen Consoles By 2028, Mid-Gen Refresh In 2024"
2023-09-20,"Microsoft: Don't Knock The Dividend Yield, Look At Growth And Longevity Instead"
2023-09-20,0
2023-09-20,0
2023-09-21,Microsoft Is a Great Dividend Stock and Just Boosted Its Payout
2023-09-21,"Microsoft Stock: AI Monetization About to Takeoff, Says Top Analyst"
2023-09-21,Microsoft lifts quarterly dividend by 10% amid strong business performance
2023-09-22,The Future Of Cancer Detection: Microsoft And Paige's AI Behemoth
2023-09-22,"Here's How Nvidia, Apple, and Microsoft Could Pay You $1,000 Per Year in Dividend Income"
2023-09-22,"US Stocks Rise As Tech Rebounds On Lower Treasury Yields, UAW Strikes Widen: What's Driving Markets Friday?"
2023-09-23,Should You Hold or Fold Amid Microsoft's Bid for Activision Blizzard?
2023-09-23,"Have $1,000? 2 Growth Stocks to Buy Now and Hold Forever."
2023-09-23,"With History and AI on Their Side, Tech Stocks Could be Unfazed by Higher Rates"
2023-09-24,UK competition authority provisionally approves Microsoft's acquisition of Activision Blizzard
2023-09-24,Is the AI Bubble Already Popping?
2023-09-24,0
2023-09-25,Microsoft (NASDAQ: MSFT) Receives Surprise Upgrade from Analyst
2023-09-25,Here’s how much a $10k investment in Microsoft stock in 2010 is now worth
2023-09-25,Microsoft Could Be Making a Big Change and AI Investors Aren't Going To Like It
2023-09-26,Microsoft: 5 Reasons Why The Stock Is A Strong Buy
2023-09-26,Stocks Today: Nasdaq Falls Hard As JPMorgan Chief Sees Rates Rising; Will Microsoft Stock Form This Bullish Pattern?
2023-09-26,Microsoft Copilot: Unifying AI for Windows 11 and Microsoft 365 users
2023-09-27,Better Artificial Intelligence (AI) Stock: Microsoft vs. Alphabet
2023-09-27,Elon Musk Needs To Short This': OpenAI's Lofty $90B Valuation Aim Sparks Flood Of Hilarious Replies On X
2023-09-27,FTC to revive fight against Microsoft's acquisition of Activision Blizzard
2023-09-28,Microsoft (NASDAQ:MSFT) Is Increasing Its Dividend To $0.75
2023-09-28,Microsoft (NASDAQ:MSFT) Is Increasing Its Dividend To $0.75
2023-09-28,Better Buy: Microsoft vs. Nvidia
2023-09-29,Is It Too Late to Buy Microsoft Stock?
2023-09-29,Microsoft Boosts Its Dividend Again. Here's How High the Payout Could Get Over the Next 20 Years
2023-09-29,"The Silicon Valley Wage War: Unveiling Salaries Of Top Talent At Apple, Microsoft, Google"
2023-09-30,Top 20 Cloud Computing Companies in USA
2023-09-30,7 S&P 500 Stocks Set to Explode Higher
2023-09-30,0
2023-10-01,"The Best Stocks to Buy With $10,000 Right Now"
2023-10-01,How To Turn Off Windows Copilot So It’s Not Snooping Your Windows 11
2023-10-01,3 Robinhood Stocks to Buy and Hold Forever
2023-10-02,Microsoft Insiders Sold US$49m Of Shares Suggesting Hesitancy
2023-10-02,Microsoft's Satya Nadella To Take The Stand Today At Google Antitrust Trial: What You Need To Know
2023-10-02,Microsoft CEO warns of ‘nightmare’ future for AI if Google’s search dominance continues
2023-10-03,Where Will Microsoft Stock Be in 3 Years?
2023-10-03,"NVDA, ADBE, MSFT: 3 Companies Aiming to Make AI Safe"
2023-10-03,"High-Flier Nvidia Could Rally Another 70% On 'Extremely Strong' AI Data Center Demand, Says Analyst"
2023-10-04,Microsoft’s Bing Chat Enhances Image Generation With OpenAI’s Dall-E 3 Model
2023-10-04,0
2023-10-04,0
2023-10-05,Microsoft’s (NASDAQ:MSFT) New Military Goggles Receive Positive Feedback
2023-10-05,US and UK Regulators Are Going After Amazon And Microsoft
2023-10-05,"Are We Living In A Multiverse Or A Simulation? Depends On Who You Ask, Says Peter Thiel"
2023-10-06,"Microsoft Stock, Analysts Predict Double-Digit Upside"
2023-10-06,Microsoft (NASDAQ:MSFT) Set to Close Activision Deal Next Week
2023-10-06,The AI Revolution: How Microsoft Is Positioning Itself for the Future
2023-10-07,Cramer Says 'Will Not Sell' Nvidia Stock On 'Misinformation' About Microsoft AI Chip
2023-10-07,"AVGO, NVDA, or INTC: Which Chip Stock is the Best Pick?"
2023-10-07,0
2023-10-08,"Peter Thiel's Multiverse Theory, Tom Hanks' AI Warning, Microsoft's Bing AI Image Creator Controversy And More: This Week In AI"
2023-10-08,Q4 Stock Predictions: 3 Nasdaq Stocks Ready to Roar Into 2024
2023-10-08,Inaugural Cohort of the Nigeria Jubilee Fellows Programme joins Microsoft ADC West Africa in a Quest to Empower Nigerian Youth
2023-10-09,Microsoft: 'The' Big 5 Tech Company
2023-10-09,"Microsoft, Google, And Adobe Navigate AI's Profitability Challenge"
2023-10-09,"This Investment Manager Just Sold Nvidia Stock, Says Microsoft Will Be The 'Number One Beneficiary Of AI'"
2023-10-10,Should Nvidia Stock Investors Be Worried About Microsoft Potentially Creating an AI Chip?
2023-10-10,Analysts: Microsoft (NASDAQ:MSFT) is Top Dog in AI
2023-10-10,Microsoft (NASDAQ:MSFT) Is Very Good At Capital Allocation
2023-10-11,Microsoft (NASDAQ:MSFT) Opposes $29B Demand from IRS
2023-10-11,Activision-Blizzard Deal Racing to Friday the 13th Finish Line
2023-10-11,Microsoft's Health Tech Push Opens New Investment Avenues
2023-10-12,MSFT Stock Price Prediction: What Can Investors Expect in 2024?
2023-10-12,Is It Too Late to Buy Microsoft Stock?
2023-10-12,MSFT Stock Alert: The $29 Billion Reason Microsoft Is Down Today
2023-10-13,Is Microsoft a Buy?
2023-10-13,ChatGPT predicts Microsoft stock price after it buys Activision
2023-10-13,Satya Nadella Just Proved That MSFT Stock Is a Losing Bet
2023-10-14,Is Microsoft Stock a Buy Now?
2023-10-14,0
2023-10-14,0
2023-10-15,"Is Microsoft, At The Right Price, The Best AI Stock?"
2023-10-15,Buffett’s Successors: 3 Stocks the Next Generation of Billionaires Are Buying
2023-10-15,0
2023-10-16,Microsoft's Secret Weapons in the Artificial Intelligence Race
2023-10-16,"Minecraft Celebrates 15 Years, Hits A Monumental Benchmark: What's The Magic Number?"
2023-10-16,Better Artificial Intelligence (AI) Stock: Apple vs. Microsoft
2023-10-17,Morgan Stanley Says Microsoft (NASDAQ:MSFT) is Underpriced
2023-10-17,What’s Next for MSFT Investors Now That the Microsoft-Activision Deal Is Done?
2023-10-17,2 Green Flags for Microsoft's Future
2023-10-18,Microsoft Corporation (NASDAQ:MSFT) is favoured by institutional owners who hold 72% of the company
2023-10-18,Microsoft CEO Satya Nadella Says This Is 'The Hardest Skill We Learn' — It's Not Technical
2023-10-18,"Microsoft Salaries, Bonuses, Stock Awards Show Up In Leaked Documents"
2023-10-19,Is Microsoft Stock a Buy Going into Earnings?
2023-10-19,"Microsoft: ChatGPT Bet, Azure Revenues in Focus Ahead of Key Earnings Report"
2023-10-19,Big Tech Stocks: Q3 Earnings Preview
2023-10-20,"Microsoft Earnings Report To Focus On Cloud Computing, Generative AI"
2023-10-20,Microsoft Earnings Preview: AI and Activision's Impact?
2023-10-20,Microsoft is now a gaming juggernaut
2023-10-21,Is It Time to Bet on Small Caps? Analysts Share Insights On The Valuation Gap Versus Large Caps
2023-10-21,0
2023-10-21,0
2023-10-22,Is It Time To Consider Buying Microsoft Corporation (NASDAQ:MSFT)?
2023-10-22,"‘Stay Patient,’ Says Morgan Stanley About Microsoft Stock"
2023-10-22,"Earnings week ahead: Amazon, Microsoft, Alphabet, Meta, Ford, GM and more"
2023-10-23,Microsoft's Stock Is About to Get Cheaper Thanks to the Activision Blizzard Deal. Should You Buy?
2023-10-23,Nasdaq 100 forecast: How will Microsoft Q1 earnings impact MSFT stock?
2023-10-23,Microsoft (NASDAQ:MSFT) Advances as Non-Cloud Assets Prove Their Worth
2023-10-24,Microsoft (MSFT) Q1 2024 Earnings: What to Expect
2023-10-24,Microsoft (NASDAQ:MSFT) Jumps after Impressive Q1 Results
2023-10-24,Microsoft Trounces September-Quarter Goals On Cloud Computing Strength
2023-10-25,"What Investors Should Take Away from Microsoft, Alphabet Earnings"
2023-10-25,Microsoft (NASDAQ:MSFT) vs. Google: Who Has the Upper Hand in Cloud Space?
2023-10-25,"Dow Jones Futures: Microsoft, Google Are Big Earnings Movers After S&P 500 Regains Key Level"
2023-10-26,Microsoft: Take Your Profits Before They Disappear (Rating Downgrade)
2023-10-26,Is Microsoft Corporation's (NASDAQ:MSFT) Latest Stock Performance A Reflection Of Its Financial Health?
2023-10-26,Rockwell Automation and Microsoft Expand Partnership to Leverage Generative AI Capabilities for Enhanced Productivity and Faster Time-to-Market
2023-10-27,Why Microsoft Stock (NASDAQ:MSFT) Can Lead the “Magnificent Seven” Higher
2023-10-27,Microsoft Earnings Review: Bing Is Changing The Game
2023-10-27,Where Will Microsoft Stock Be in 3 Years?
2023-10-28,Microsoft Leads These 5 Dow Jones Stocks Near Buy Points
2023-10-28,7 Blue-Chip Stocks to Buy on Every Single Dip
2023-10-28,Microsoft Stock: Bear vs. Bull
2023-10-29,3 Stock-Split Stocks Due for Another Split
2023-10-29,Amazon's AWS Vs. Microsoft Azure Vs. Google Cloud: How The Cloud Race Stacked Up In Q3
2023-10-29,"Microsoft Is Crushing Google in a Massive Market, and AI Is a Big Reason Why"
2023-10-30,Microsoft: Could A Stock Split Be Coming Soon?
2023-10-30,Why Microsoft Stock Was Climbing the Charts Today
2023-10-30,Microsoft's 'iPhone Moment' With M365 Copilot: Analysts Predict $10B+ AI Revenue Surge By 2025
2023-10-31,Is Microsoft About to Overtake Apple as the World's Most Valuable Company?
2023-10-31,Microsoft (MSFT) thrives on cloud and AI prowess. Is the stock a buy?
2023-10-31,3 Stocks to Watch for Breakthrough Innovations in 2024
2023-11-01,Microsoft’s (NASDAQ:MSFT) LinkedIn Passes 1 Billion Users Mark
2023-11-01,Catch the AI Boom: 3 Stocks to Watch Now
2023-11-01,Microsoft: Could A Stock Split Be Coming Soon?
2023-11-02,Microsoft’s Earnings Victory: Time to Buy MSFT Stock Now?
2023-11-02,"Tim Cook-led Apple Halts Muslim, Jewish Slack Channels After Deleting Israel-Hamas Conflict Posts: Report"
2023-11-02,Has Microsoft Proved It's a Better Growth Stock Than Alphabet?
2023-11-03,Microsoft Stock Is Up 45% YTD And Outperformed The Consensus In Q1
2023-11-03,Here's Why We Think Microsoft (NASDAQ:MSFT) Is Well Worth Watching
2023-11-03,Why Holding Microsoft Stock Could Be A Smart Move
2023-11-04,"‘Load Up,’ Says Top Analyst About Microsoft Stock as AI Opportunity Shifts Focus Back to Growth"
2023-11-04,"Is Microsoft, Amazon, or Alphabet the Best Stock in This $1.5 Trillion Industry?"
2023-11-04,0
2023-11-05,Microsoft Is Too Expensive Here - Wait For A Pullback
2023-11-05,Microsoft: Year-to-date Inflows Send Shares Surging
2023-11-05,Groking Will Become Like Googling' – Elon Musk's High Ambitions For xAI's First AI Product Involves Making It A Verb
2023-11-06,Is it Still Worthy to Keep Your Microsoft (MSFT) Shares?
2023-11-06,Bull Signal Could Boost Big Tech Giant to New Highs
2023-11-06,3 Stocks that ChatGPT Says Will Be Winners This Holiday Season
2023-11-07,"Microsoft’s (NASDAQ:MSFT) Bet on GPT-4 Could Pay-Off, Says Analyst"
2023-11-07,Is Microsoft an Unstoppable Artificial Intelligence (AI) Stock?
2023-11-07,Baron Funds: “Microsoft (MSFT) is Well Positioned to Leverage AI Over the Medium to Long Term”
2023-11-08,"Microsoft Insiders Sell US$49m Of Stock, Possibly Signalling Caution"
2023-11-08,Microsoft (NASDAQ:MSFT) Backed ChatGPT Recovers from Outage
2023-11-08,Microsoft (MSFT) Shares Soar to Record High amid OpenAI-Related Optimism
2023-11-09,Microsoft Record Leads $1.5 Trillion Nasdaq Surge
2023-11-09,Here's Why 'Magnificent Seven' Stock Microsoft Is A Market Leader
2023-11-09,Ready to Bet on Next-Gen AI? Why MSFT Stock Deserves a Spot on Your Watch List.
2023-11-10,Microsoft: Bull Case Is Getting Stronger
2023-11-10,Microsoft Stock Notches Record High Ahead Of AI News
2023-11-10,Prediction: Microsoft Will Overtake Apple as the World's Largest Company By 2025
2023-11-11,7 Must-Buy Stocks to Start Your 2024 Out Strong
2023-11-11,Is A Reconciliation Between Elon Musk And Larry Page On The Horizon? Tesla CEO Open To Rekindling Friendship With Google Co-founder
2023-11-11,"Warren Buffett Refuses to Buy This 'Magnificent Seven' Stock, but It's the Best Dividend Payer of the Bunch"
2023-11-12,"Nasdaq 100 Rally: Microsoft Leads, Tesla Lags"
2023-11-12,0
2023-11-12,0
2023-11-13,Should You Finally Consider Increasing Your Microsoft (MSFT) Shares?
2023-11-13,"After Crushing it in 2023, MSFT Stock isn’t Slowing Down"
2023-11-13,"OpenAI To Develop Superintelligent GPT-5, Seeks More Money From Microsoft"
2023-11-14,Microsoft (NASDAQ:MSFT) shareholders have earned a 31% CAGR over the last five years
2023-11-14,Wall Street sets Microsoft stock price for the next 12 months
2023-11-14,Microsoft strikes deal with Photonic for quantum networking solutions
2023-11-15,Assessing Microsoft (MSFT) Stock at All-Time Highs
2023-11-15,Microsoft Stock (NASDAQ:MSFT): Its Valuation Just Doesn’t Make Sense
2023-11-15,Microsoft (NASDAQ:MSFT) Takes Aim at Nvidia with New Chip
2023-11-16,Microsoft Stock (NASDAQ:MSFT): Its Valuation Just Doesn’t Make Sense
2023-11-16,Microsoft (NASDAQ:MSFT) Is Achieving High Returns On Its Capital
2023-11-16,Microsoft Stock (NASDAQ:MSFT): Still a “Strong Buy” at All-Time High
2023-11-17,Market Rally Extends Gains On Slowing Inflation: Weekly Review
2023-11-17,"The Best Stocks to Invest $50,000 in Right Now"
2023-11-17,0
2023-11-18,3 Top Tech Stocks to Buy Right Now
2023-11-18,2023 Winners: 7 Stocks That Will Continue to Dominate in 2024
2023-11-18,Bill Gates Portfolio: November 2023 Update
2023-11-19,‘A Complete Shocker’: Daniel Ives Weighs in on the Impact of OpenAI CEO’s Departure on Microsoft Stock
2023-11-19,Will The OpenAI Shake-Up Derail Microsoft's Artificial Intelligence Momentum?
2023-11-19,Stock Market Today: Dow racks up gains to close higher on tech strength
2023-11-20,Microsoft (NASDAQ:MSFT) Stock Hits 52-Week High. Is More Upside Ahead?
2023-11-20,Nasdaq leads Wall Street gains as Microsoft hits record
2023-11-20,Microsoft (MSFT) Stock Just Hit a New All-Time High
2023-11-21,Microsoft's Brilliance Is Once Again On Display
2023-11-21,Microsoft's $10 Billion Bet on OpenAI Is Now Up in the Air. Here's Why That's Great News for the Stock.
2023-11-21,Microsoft reaping the benefits of Altman hire
2023-11-22,MSFT vs. PLTR: Which Stock is the Better Buy?
2023-11-22,Microsoft (NASDAQ:MSFT) Gains as Wedbush Sees “Cinderella Ending” Ahead
2023-11-22,Is Microsoft Stock a Buy?
2023-11-23,Is it too late to buy Microsoft stock?
2023-11-23,"Microsoft’s Stock Hits All-Time High, Surpassing $377 Per Share"
2023-11-23,Why Microsoft is the big winner from Sam Altman kerfuffle
2023-11-24,"Investors are clamoring for OpenAI, Microsoft stock amid Sam Altman drama"
2023-11-24,"MSFT, META, GOOGL: 3 Tech Stocks With Dozens of Buy Ratings"
2023-11-24,"The Zacks Analyst Blog Highlights Intel, The Procter & Gamble, 3M, salesforce.com and Microsoft"
2023-11-25,2 Unstoppable Artificial Intelligence (AI) Growth Stocks Billionaires Keep Buying Hand Over Fist
2023-11-25,"Elon Musk's X Could Lose $75 Million In Ad Revenue Over His Support For Antisemitic Post, Says Report"
2023-11-25,0
2023-11-26,3 Best Nasdaq Stocks to Buy in November
2023-11-26,0
2023-11-26,0
2023-11-27,Is It Time To Consider Buying Microsoft Corporation (NASDAQ:MSFT)?
2023-11-27,What Is Microsoft Corporation's (NASDAQ:MSFT) Share Price Doing?
2023-11-27,Microsoft Stock (NASDAQ:MSFT): Analysts Remain Bullish As OpenAI Turmoil Settles
2023-11-28,"Could Microsoft Become the Most Important Stock in the Nasdaq, S&P 500, and Dow?"
2023-11-28,Why Microsoft Stock Is Cheaper Than It Looks
2023-11-28,How To Make $500 A Month With Microsoft As The Stock Hits An All-Time High
2023-11-29,"Microsoft (NASDAQ:MSFT): A ""Momo"" Stock with AI Tailwinds at Its Back"
2023-11-29,Microsoft (MSFT) Suffers a Larger Drop Than the General Market: Key Insights
2023-11-29,Can Microsoft Challenge Amazon’s Cloud Market Dominance?
2023-11-30,Can Microsoft Stock Reach $475? Top Analyst Weighs In
2023-11-30,Microsoft President Makes Startling Revelations on Arrival of Advanced AI
2023-11-30,"If You Can Only Buy One Machine Learning Stock in December, It Better Be One of These 7 Names"
2023-12-01,Alphabet (NASDAQ:GOOGL) Urges Regulators to Curb Microsoft’s Unfair Practices
2023-12-01,Microsoft Stock Got an AI Boost. It’s Far From Over.
2023-12-01,2 Tech Dividend Stocks to Buy and Hold Forever
2023-12-02,"A Bull Market Is Coming: 2 ""Magnificent Seven"" Stocks to Buy Right Now and Hold Forever"
2023-12-02,Forget Microsoft: These Are the Unstoppable Stocks to Buy Now
2023-12-02,0
2023-12-03,3 Big Reasons Why Microsoft May Not Be A Buy After All
2023-12-03,14 Best Most Active Stocks to Buy Now
2023-12-03,2 Artificial Intelligence (AI) Stocks That Are Long-Term Buys
2023-12-04,Bulletproof Investments: 3 Stocks That Will Be Unfazed by Any Market Turmoil
2023-12-04,Google Bard picks 5 stocks to buy in 2024
2023-12-04,Beyond Market Price: Uncovering Microsoft Corp's Intrinsic Value
2023-12-05,Microsoft (MSFT) Increases Despite Market Slip: Here's What You Need to Know
2023-12-05,Will Microsoft Overtake Apple as the World's Largest Company in 2024?
2023-12-05,"MSFT, PLTR, or NVDA: Which is the Most Attractive AI Stock?"
2023-12-06,Why Microsoft Stock Is Still a ‘Buy’ at Current Levels: Argus
2023-12-06,MSFT’s Identity Crisis: Stuck as an ‘Old Man’s Stock’ or Poised for a Tech Rebirth?
2023-12-06,Why Microsoft Stock IS Your Passport to AI Market Wealth
2023-12-07,"Microsoft (NASDAQ: MSFT) Vs. Meta (NASDAQ: META) — Analyzing $1,000 Investments From May 18, 2012"
2023-12-07,Here’s Why You Should Keep an Eye on Your Microsoft (MSFT) Investment
2023-12-07,Microsoft in High-Level Talks with China: A New Era for AI and Trade Cooperation on the Horizon?
2023-12-08,Shareholders Would Enjoy A Repeat Of Microsoft's (NASDAQ:MSFT) Recent Growth In Returns
2023-12-08,Why Apple and Microsoft are the only 2 companies that matter anymore
2023-12-08,Is Microsoft Stock a Buy?
2023-12-09,Is Microsoft (MSFT) Still a Great Investment Choice?
2023-12-09,0
2023-12-09,0
2023-12-10,"ChatGPT's Water Thirst Sparks Grave Concerns, Investment Opportunity In ETF"
2023-12-10,10 Most Popular Technology Stocks Among Billionaires
2023-12-10,Nuvei Stock Is on Fire This Year: Is it a Good Buy Today?
2023-12-11,Double Down on Microsoft Stock Despite Regulatory Fears
2023-12-11,Microsoft (MSFT) Stock Dips While Market Gains: Key Facts
2023-12-11,Microsoft enters into ‘AI alliance’ with labor unions
2023-12-12,Microsoft (NASDAQ:MSFT) Spills the Tea on Phi-2 AI Model
2023-12-12,"Cathie Wood Loads Up On $9M Worth Of Microsoft, Meta And An Evergreen Chip Stock: Time To Dip Into Tech Shares?"
2023-12-12,Apple Went Public 43 Years Ago Today: What A $1000 Investment During iPhone Maker's IPO Would Be Worth Now If Held On Through The Years
2023-12-13,Why Microsoft Stock Could Run Out of Steam in 2024
2023-12-13,Why Microsoft Could Continue to Surge in 2024 (and Beyond)
2023-12-13,Oracle's Latest Results Show Cloud Slowdown Despite Expansion Efforts
2023-12-14,What's Going On With Microsoft Stock Thursday?
2023-12-14,Is Microsoft Going to $600? 1 Wall Street Analyst Thinks So.
2023-12-14,MSFT vs. AAPL: Which Stock Has More AI Upside Potential?
2023-12-15,Better AI Stock: Amazon vs. Microsoft
2023-12-15,"Microsoft Stock Can Rise 15%, Analyst Says. It’s an AI Leader."
2023-12-15,What's Going On With Microsoft Stock Friday?
2023-12-16,"2 Reasons to Buy Microsoft Stock, and 1 Reason to Sell"
2023-12-16,Forget Microsoft: Buy This Artificial Intelligence (AI) Stock Poised for a Bull Run Instead
2023-12-16,Microsoft-OpenAI collaboration under scrutiny
2023-12-17,Better Tech Stock: AMD vs. Microsoft
2023-12-17,Is Alphabet’s Gemini a Game-Changer for GOOG Stock Investors?
2023-12-17,0
2023-12-18,Microsoft (MSFT) Laps the Stock Market: Here's Why
2023-12-18,Navigating Market Uncertainty: Intrinsic Value of Microsoft Corp
2023-12-18,Microsoft’s compact Phi-2 rivals larger AI models
2023-12-19,Activision Blizzard Troubles Prompt Small Slip at Microsoft (NASDAQ:MSFT)
2023-12-19,Microsoft: Cloud Leadership Soars
2023-12-19,Is Microsoft Stock a Buy Now?
2023-12-20,5 Reasons to Avoid Microsoft (MSFT) Right Now
2023-12-20,"Microsoft Copilot Teams With Suno To Turn Your Ideas Into AI-Generated Songs, Try It Out"
2023-12-20,0
2023-12-21,You Won't Believe My Shocking Microsoft Stock Prediction for 2024
2023-12-21,"Microsoft (NASDAQ:MSFT) Stock: Top Software Play for 2024, Says Analyst"
2023-12-21,Why Microsoft Stock Is A Top Pick For 2024
2023-12-22,Analyzing Microsoft (MSFT) Gains: 2024 Buy or Sell Opportunity?
2023-12-22,Show Me The Money: Inside Ken Griffin's Citadel's Jaw-Dropping $7 Billion Return
2023-12-22,Amazon Ramps Up AI Game at AWS re:Invent to Tackle Microsoft and Google's Rise
2023-12-23,Best AI Stocks 2024: 3 to Add to Your Must-Buy List
2023-12-23,Microsoft Just Paid $76M For A Pumpkin Farm In Wisconsin — Here's Why
2023-12-23,"Dow Jones Giants Apple, Microsoft Lead Five Stocks Near Buy Points"
2023-12-24,Why These 7 Long-Term Stocks Should Be on Your Radar in 2024
2023-12-24,3 Growth Stocks to Buy in 2024 and Hold Forever
2023-12-24,These Were the 3 Best Dow Stocks in 2023. Can They Repeat in 2024?
2023-12-25,"History Says the Nasdaq Will Soar in 2024: 1 ""Magnificent Seven"" Stock to Buy Before It Does"
2023-12-25,ChatGPT picks 5 stocks to buy for start of 2024
2023-12-25,Former Microsoft CEO Steve Ballmer is on pace to earn $1 billion in dividends annually from his massive stake in the software company
2023-12-26,Former Microsoft CEO Steve Ballmer To Pocket $1B Annually In Dividends
2023-12-26,The top analyst stock picks for 2024: Early predictions
2023-12-26,"Got $5,000? 3 Tech Stocks to Buy and Hold for the Long Term"
2023-12-27,There Are Only 3 'Magnificent Seven' Stocks I Would Buy in 2024
2023-12-27,"NY Times sues OpenAI, Microsoft for infringing copyrighted works"
2023-12-27,Google and Microsoft: The Emergence of the AI Duopoly
2023-12-28,"Microsoft Stock (NASDAQ:MSFT) Has More Room to Run, According to Analyst"
2023-12-28,Analyst raises Microsoft stock price target to $450 amid ‘iPhone moment’
2023-12-28,NYT vs. OpenAI/Microsoft legal battle: Who wins? Analysts weigh in
2023-12-29,Is It Too Late to Buy Microsoft?
2023-12-29,New York Times Sues OpenAI and Microsoft - AI Copyright Infringement Amid 54% Stock Surge
2023-12-29,Why I Expect to Receive More in Dividends in 2024 Than in 2023
2023-12-30,Data Center Dynamos: 3 Stocks Powering the Information Age
2023-12-30,"IBM: A Beneficiary Of AI In 2024, While All Eyes Are On Microsoft"
2023-12-30,"Want $1 Million in Retirement? Invest $300,000 in These 3 Stocks and Wait a Decade."
2023-12-31,Better Artificial Intelligence (AI) Stock for 2024: Nvidia vs. Microsoft
2023-12-31,Legacy Investments: 7 Stocks to Make Your Grandkids Millionaires
2023-12-31,Ritholtz Wealth Management Raises Holdings in Microsoft Co. (NASDAQ:MSFT)
2024-01-01,Revealed: Nancy Pelosi’s stock portfolio performance in 2023
2024-01-01,Investors in Microsoft (NASDAQ:MSFT) have seen strong returns of 288% over the past five years
2024-01-01,0
2024-01-02,Microsoft: Still Attractively Valued When Factoring In Each Segment
2024-01-02,Why Microsoft (MSFT) Dipped More Than Broader Market Today
2024-01-02,Microsoft: Worth Holding Onto For Long-Term Investors
2024-01-03,Could Microsoft Stock Help You Retire a Millionaire?
2024-01-03,"If You Invested $10,000 in Microsoft When Satya Nadella Became CEO, This Is How Much You Would Have Today"
2024-01-03,A Bull Market Is Coming: 2 Stock-Split Stocks to Buy as Part of Your New Year's Resolution
2024-01-04,Is Microsoft Stock a Buy Now?
2024-01-04,Wall Street sets Microsoft stock price for the next 12 months
2024-01-04,The 7 Hottest Tech Stocks to Watch in 2024
2024-01-05,"With 72% institutional ownership, Microsoft Corporation (NASDAQ:MSFT) is a favorite amongst the big guns"
2024-01-05,Can Microsoft Stock (NASDAQ:MSFT) Stay Magnificent Through 2024?
2024-01-05,Why MSFT Is the One Mega-Cap Tech Stock Every Investor Should Consider Owning
2024-01-06,Microsoft Kicked Off 2024 by Announcing One of Its Biggest Changes in Over 30 Years. Here's What It Means for Investors.
2024-01-06,2 Blue Chip Stocks to Buy Hand Over Fist Before the Nasdaq Surges in 2024
2024-01-06,0
2024-01-07,Microsoft's Windows Faces a New Threat From an Old Enemy
2024-01-07,0
2024-01-07,0
2024-01-08,"Microsoft (NASDAQ:MSFT), OpenAI: Legal Punches Keep Coming"
2024-01-08,2024’s Top Picks: Which 3 Magnificent Seven Stocks Should You Buy?
2024-01-08,Microsoft to offtake 12 GW of Qcells solar panels made in US
2024-01-09,Possible Bearish Signals With Microsoft Insiders Disposing Stock
2024-01-09,Is Microsoft Stock a Buy?
2024-01-09,Microsoft (NASDAQ:MSFT) Gains Slightly Thanks to New Battery
2024-01-10,Can Microsoft (NASDAQ:MSFT) Overtake Apple?
2024-01-10,"Microsoft: 1 Reason To Avoid The Stock, And It Isn't OpenAI"
2024-01-10,IBD Stock of The Day: Microsoft Gearing Up For AI-Powered Growth
2024-01-11,Microsoft (NASDAQ:MSFT) Announces New EU Data Plans
2024-01-11,Dow Jones Futures Await Inflation Data; Microsoft Leads 5 New Buys; Bitcoin Rises On ETF Approvals
2024-01-11,"Microsoft Back On Top, Dethrones Apple As World's Most Valuable Company"
2024-01-12,"With Microsoft's Value at $518 Per Share, Investors Can Short Puts for Extra Income"
2024-01-12,Microsoft passes Apple as most valuable public company
2024-01-12,MSFT Stock Outlook: What’s in Store for Microsoft Investors in 2024?
2024-01-13,Where Will Microsoft Stock Be in 1 Year?
2024-01-13,Better Artificial Intelligence (AI) Stock: Microsoft vs Alphabet
2024-01-13,0
2024-01-14,Why Microsoft Corporation (NASDAQ:MSFT) Could Be Worth Watching
2024-01-14,"With 72% ownership in Microsoft Corporation (NASDAQ:MSFT), institutional investors have a lot riding on the business"
2024-01-14,Better AI Stock: Microsoft vs. Palantir Technologies
2024-01-15,Microsoft Corporation (MSFT)’s Revenue Grew 12% in Q4
2024-01-15,"Vodafone and Microsoft sign 10-year strategic partnership to bring generative AI, digital services and the cloud to more than 300 million businesses and consumers"
2024-01-15,GRAPHIC-Microsoft topples Apple to become global market cap leader
2024-01-16,Microsoft (MSFT): World's Most Valuable Company
2024-01-16,Microsoft (NASDAQ:MSFT) Launches Copilot Pro to Attract More Users
2024-01-16,VOD Stock Alert: Vodafone Signs $1.5 Billion AI Deal With Microsoft
2024-01-17,0
2024-01-17,0
2024-01-17,0
2024-01-18,Better AI stock: Microsoft vs. Amazon
2024-01-18,"Now That Microsoft Is The World’s Most Valuable Company, Has Apple Peaked?"
2024-01-18,"Here are Thursday’s biggest analyst calls: Apple, Netflix, Nvidia, Meta, Rivian, Costco, Hertz, Microsoft and more"
2024-01-19,Is Microsoft Stock a Buy Now?
2024-01-19,"Up 63% Since The Beginning Of 2023, How Will Microsoft Stock Trend After Q2 Earnings?"
2024-01-19,Could Microsoft Stock Help You Retire a Millionaire?
2024-01-20,Microsoft’s Bold AI Bet: Will It Pay Off for MSFT Stockholders?
2024-01-20,Does Microsoft's Latest Artificial Intelligence (AI) Product Make It a Screaming Buy?
2024-01-20,0
2024-01-21,"Up 63% Since The Beginning Of 2023, How Will Microsoft Stock Trend After Q2 Earnings?"
2024-01-21,Here’s Why Microsoft Corporation (MSFT) is in Detractors’ List of Polen Focus Growth
2024-01-21,Microsoft Rises Like A Phoenix From The Ashes
2024-01-22,Microsoft (NASDAQ:MSFT) Slips after Huge “Palworld” Launch
2024-01-22,These stocks could benefit following the Microsoft corporate systems breach
2024-01-22,Follow The Billionaire Trail: Unveiling The Stocks Shared By Bill Gates And Other Tycoons
2024-01-23,Microsoft: Azure Taking Share With AI Push
2024-01-23,"Let Bears Fret About Tech Valuations, Analyst Says: How AI Leaders Microsoft, Nvidia And Google Can Push Higher"
2024-01-23,"AAPL, AMZN, MSFT: How to Play the Tech Giants Ahead of Earnings"
2024-01-24,Microsoft (NASDAQ:MSFT) Hits $3 Trillion Milestone
2024-01-24,Microsoft hits $3 trillion market value
2024-01-24,Microsoft (MSFT) Stock Just Touched a $3 Trillion Market Cap. Who Will Be Next?
2024-01-25,Why We Like The Returns At Microsoft (NASDAQ:MSFT)
2024-01-25,Microsoft (NASDAQ:MSFT) Seems To Use Debt Rather Sparingly
2024-01-25,"Microsoft (NASDAQ:MSFT) Cuts 1,900 Workers at Activision-Blizzard"
2024-01-26,"Microsoft Stock: Buy, Sell, or Hold?"
2024-01-26,Microsoft Q4 Preview: Winning From AI-Led Product Supremacy
2024-01-26,Where Will Microsoft Stock Be in 2025?
2024-01-27,History Suggests the Nasdaq Will Soar in 2024: 2 Brilliant Artificial Intelligence (AI) Growth Stocks to Buy Before It Does
2024-01-27,3 Dividend-Paying Tech Stocks to Buy Right Now
2024-01-27,0
2024-01-28,"Weekly Preview: Earnings To Watch This Week 1-28-24 (AMZN, AAPL, GOOG, META, MSFT)"
2024-01-28,"MSFT, GOOGL: What to Expect from Tech Titans’ Upcoming Earnings"
2024-01-28,"1 Stock to Buy, 1 Stock to Sell This Week: Microsoft, General Motors"
2024-01-29,Investors see Microsoft's stock market value leaving Apple behind
2024-01-29,MSFT Earnings Impact: Buy or Hold Decision?
2024-01-29,"Microsoft Hits an All-Time High, But It's Still Some Way From Becoming the Most Important Stock in the Dow Jones Industrial Average"
2024-01-30,Microsoft (MSFT) Q2 2024 Earnings: What to Expect
2024-01-30,Microsoft Corporation's (NASDAQ:MSFT) Stock's On An Uptrend: Are Strong Financials Guiding The Market?
2024-01-30,Strong Earnings From Microsoft (MSFT) Stock Fail to Impress Wall Street
2024-01-31,Microsoft Is Already the World's Largest Company. Here's Why That's Unlikely to Change Anytime Soon. (Hint: It's Not Just Artificial Intelligence (AI))
2024-01-31,"Yes, Microsoft Is a Star AI Stock, But This Is What Really Powered Its Solid Second-Quarter Results"
2024-01-31,"Wedbush's Dan Ives Lauds Microsoft's 'Masterpiece Quarter,' Says CEO Nadella's Guidance 'Should Be Hung In The Louvre'"
2024-02-01,Microsoft Corporation (NASDAQ:MSFT) Q2 2024 Earnings Call Transcript
2024-02-01,"This New ETF Allows Investment In Apple, Microsoft And Other 'Magnificent 7' Stocks"
2024-02-01,"Midday movers: Boeing flies, Alphabet flops, and more"
2024-02-02,"When You Look Back in 5 Years, You'll Wish You'd Bought This Trillion-Dollar Artificial Intelligence (AI) Stock"
2024-02-02,Microsoft Is Embracing an AI Revolution
2024-02-02,The 3 Best Dow Jones Stocks to Invest In for Big Gains in 2024
2024-02-03,Amazon's AWS Vs. Microsoft's Azure Vs. Google Cloud: Which Company Won The Cloud Race In Q4?
2024-02-03,2 Stocks I'll Be Adding to My Retirement Account -- Even With the S&P 500 at an All-Time High
2024-02-03,0
2024-02-04,Follow The Billionaire Trail: Unveiling The Stocks Shared By Bill Gates And Other Tycoons
2024-02-04,5 big analyst AI moves: Bullish on Microsoft and Google; AMD cut
2024-02-04,Microsoft vs. Google: Which Is the Better AI Stock to Buy Now
2024-02-05,"Up Nearly 70% Since The Beginning Of 2023, Where Is Microsoft Stock Headed?"
2024-02-05,Is Microsoft Stock a Buy?
2024-02-05,Riding the AI Wave: Is Microsoft Unstoppable in 2024?
2024-02-06,"Up Nearly 70% Since The Beginning Of 2023, Where Is Microsoft Stock Headed?"
2024-02-06,How To Earn $500 Per Month From Microsoft Stock
2024-02-06,"If You Invested $5,000 in Microsoft Stock in 2014, This Is How Much You'd Have Today"
2024-02-07,Microsoft Stock (NASDAQ:MSFT): The Long-Term Bull Case Has Been Reaffirmed
2024-02-07,Time to Buy Microsoft's (MSFT) Stock for More Upside
2024-02-07,Recurrent attracts Microsoft as off-taker for Louisiana solar project
2024-02-08,"With EPS Growth And More, Microsoft (NASDAQ:MSFT) Makes An Interesting Case"
2024-02-08,"This ""Magnificent Seven"" Stock Proved Once Again Why It's the Surest of Them All"
2024-02-08,Microsoft partners with India's Sarvam AI for voice-based genAI tools
2024-02-09,Microsoft (NASDAQ:MSFT) Backed OpenAI Hits $2B in Revenue
2024-02-09,Have Insiders Sold Microsoft Shares Recently?
2024-02-09,7 Tech Stocks Primed for a Red-Hot 2024
2024-02-10,Where Will Microsoft Stock Be in 3 Years?
2024-02-10,"Microsoft ends week with $3.125 tn MCap, becomes most valuable company ever"
2024-02-10,New to Investing? 2 Easy Stocks to Start Building Wealth Today
2024-02-11,The Microsoft Money Machine: Why AI Will Help MSFT Stock Outperform in 2024
2024-02-11,"Puzzling,' Says Analyst As Microsoft's Valuation Double That Of Energy Companies Despite Generating Half Their Cash Flow"
2024-02-11,"If You Invested $1,000 in Microsoft When It First Declared a Dividend, This Is How Much You'd Have Now"
2024-02-12,Earnings Growth & Price Strength Make Microsoft (MSFT) a Stock to Watch
2024-02-12,Microsoft’s (NASDAQ:MSFT) Future in Video Games Gets a Reveal Date
2024-02-12,Options Traders Target Microsoft Stock Amid Record Highs
2024-02-13,Microsoft: The Upside Scenario Is Supported By AI
2024-02-13,MSFT Stock Outlook: Time to Take Profit? Not So Fast!
2024-02-13,5 Best Autonomous Driving Stocks To Buy Now
2024-02-14,The Next Microsoft? 3 Future Trillion-Dollar Stocks That Investors Shouldn’t Ignore
2024-02-14,Home Run Alert: Why Microsoft Stock Is Your MVP Pick for 2024!
2024-02-14,0
2024-02-15,Microsoft’s (NASDAQ:MSFT) Business Update Presents Uncertain Future for Xbox
2024-02-15,Microsoft: Not Worth Your Money At Today's Price
2024-02-15,Microsoft to invest 3.2 bln eur in Germany in AI push
2024-02-16,What Is Microsoft Corporation's (NASDAQ:MSFT) Share Price Doing?
2024-02-16,Microsoft (NASDAQ:MSFT) Loses Ground as Activision Gets Sued
2024-02-16,Better Artificial Intelligence (AI) Buy: Microsoft vs. Alphabet
2024-02-17,Microsoft: Is The Thrill Of Victory Worth The Agony Of Defeat?
2024-02-17,Will IBM Be a Trillion-Dollar Stock by 2030?
2024-02-17,0
2024-02-18,Stock-Split Watch: Is Microsoft Next?
2024-02-18,The 3 Best Tech Stocks to Buy in February 2024
2024-02-18,0
2024-02-19,Microsoft-Backed (NASDAQ:MSFT) OpenAI Hits $80B Valuation
2024-02-19,The Art of Valuation: Discovering Microsoft Corp's Intrinsic Value
2024-02-19,Microsoft’s AI Leap: How a $3.5 Billion Investment Could Skyrocket MSFT Stock
2024-02-20,Is Microsoft Corporation's (NASDAQ:MSFT) Latest Stock Performance Being Led By Its Strong Fundamentals?
2024-02-20,3 Stocks to Buy to Cash In on the Next Big Thing
2024-02-20,How Microsoft's Artificial Intelligence (AI) Rebranding Expands Its Market Potential
2024-02-21,Microsoft Stock 2024 Outlook - 3 Strong Catalysts For Growth
2024-02-21,"Insiders At Microsoft Sold US$76m In Stock, Alluding To Potential Weakness"
2024-02-21,5 Best Stocks To Buy Before Recessions
2024-02-22,Reasons to Invest in Microsoft Corporation (MSFT)
2024-02-22,Reasons to Invest in Microsoft Corporation (MSFT)
2024-02-22,Better Tech Stock: Microsoft vs. Apple
2024-02-23,Don’t Wait Another Second! Buy Microsoft Stock Now.
2024-02-23,0
2024-02-23,0
2024-02-24,Will Nvidia Be Worth More Than Microsoft by 2025?
2024-02-24,Will Super Micro Computer Be Worth More Than Microsoft by 2050?
2024-02-24,Microsoft Will Be One Of The Biggest Beneficiaries Of Artificial Intelligence
2024-02-25,Is It Too Late to Buy Microsoft Stock?
2024-02-25,Ken Fisher Portfolio: 5 Biggest Positions
2024-02-25,Jim Cramer Says Do Not Buy These 11 Stocks
2024-02-26,MSFT Stock Analysis: Microsoft’s Premium Valuation Is More Than Justified
2024-02-26,Microsoft (NASDAQ:MSFT) Invests in French AI Startup
2024-02-26,Here’s Why Microsoft Corporation (MSFT) Rose in Q4
2024-02-27,Assessing Microsoft (MSFT) Stock Near All Time Highs
2024-02-27,Microsoft: Copilot Could Boost Annual Revenue By 12%
2024-02-27,Wall Street sets Microsoft stock price for the next 12 months
2024-02-28,Microsoft ad investments spark $50B opportunity: Barclays
2024-02-28,Microsoft (MSFT) Ascends While Market Falls: Some Facts to Note
2024-02-28,Microsoft's Sydney AI Makes A Comeback? New Copilot Conversations Hint At The Return Of The Sassy Chatbot
2024-02-29,Returns On Capital Are A Standout For Microsoft (NASDAQ:MSFT)
2024-02-29,Microsoft (NASDAQ:MSFT) Readies a New Copilot for Financial Workers
2024-02-29,5 Best Stocks to Buy According to Billionaire D.E. Shaw